KeysData;NodeData >>>
'GPS,8,6;'Parcela,aabb86d6-bf6f-43ff-b3c9-40cbf94b59d5,605177532,QAGRRBXLGD
'GPS,3,17;'Parcela,b9570758-488a-401f-b514-8f2c5bca3155,238959366,WIMOKWVNIE
'GPS,9,24;'Parcela,6de938e4-fbdb-4f48-b93a-780aab017591,605177532,QAGRRBXLGD
'GPS,7,1;'Parcela,76ead1df-2199-4288-acc0-117179c7a4b0,1990747715,TNEGZDAZVV;Parcela,dbf983d4-0c86-402d-87af-f09c6f6c233d,32429481,WZAHWZPNSV
'GPS,2,98;'Parcela,3fb6bc85-1c88-4f3e-84fc-f49327f80bf1,408078518,NJKTPWDQAY
'GPS,23,11;'Parcela,f13cd1fe-ada7-42fa-b2ca-f25d84353b48,1515432521,TFVKUXWSEL
'GPS,9,64;'Parcela,43d91f9c-c7c6-4820-b271-8531c22235aa,238959366,WIMOKWVNIE
'GPS,7,4;'Parcela,a0fbf91f-a35d-4b37-a63a-f32f3c513fa1,1954224318,PGSHOSXAOW
'GPS,8,1;'Parcela,c2fa14df-e04c-4f3a-a1eb-f5cafca8f9ab,1866423975,XDQACOEWBA
'GPS,1,73;'Parcela,27ff2c21-9d18-46ea-9b20-4a34c279d39f,2085527041,ZJBRJGSJVK
'GPS,5,66;'Parcela,6147f9a6-f35f-401e-9c24-15c74d82554f,1752727572,TJIOARQWQQ
'GPS,16,11;'Parcela,b160a8f1-3b76-46de-8f22-d3afbe559eea,1352114068,XSUOKYGTLF
'GPS,39,5;'Parcela,64d9fc28-df4f-43ab-aa9d-499abc9295ee,1333247658,DYTPYLBEYU
'GPS,9,84;'Parcela,f2648ba4-71bc-4f4e-9383-dd616ac7a4c5,1983381576,CSSOBWMVQH
'GPS,11,35;'Parcela,01314e62-c402-4047-9a1f-198cb5dc5058,1515432521,TFVKUXWSEL
'GPS,1,3;'Parcela,f500c766-1f3d-40f7-8c41-8815c82069f0,2101826628,AJTKSMMCFK;Nehnutelnost,24193774-d99c-40ea-9c5f-bc0a07530d21,99167226,UDWJXEXKOT
'GPS,1,8;'Parcela,10ec73ce-3a17-47f0-bfad-0ba5dfce3d41,1995401388,EXJFQXRABO
'GPS,8,10;'Parcela,0bf59368-cad0-4359-b576-76db266d1e8d,475176333,QQIVKUKVZO;Nehnutelnost,91a55160-0823-4e26-9e27-512ed5d58a52,1217255364,LEAILURRLV
'GPS,1,37;'Parcela,0f2fa81b-ee3f-4cb3-a76b-a35896d34c3c,1627828447,MUFTBQQJWO
'GPS,1,80;'Parcela,eb4a10df-98bd-47a4-b51d-5ea24adeefd6,64796090,GXIHJMZQBC
'GPS,5,62;'Parcela,b6f301dc-b905-4338-95db-c2698c480b4e,1917877187,RRTOPVZIOG;Nehnutelnost,cff81bfd-0af1-49c3-8ad2-5b339bf1a6ae,1611055941,YPKJJRXFXO
'GPS,8,90;'Parcela,89fe01ae-489e-44dc-a406-fa50664ac222,2105106984,FUBKYEHJVN
'GPS,23,2;'Parcela,c8cd346c-287e-4f18-bf56-1549d07a0845,1970677794,DGLIMQIUYH
'GPS,10,19;'Parcela,a1bb8faf-2cb5-4e0e-b280-42feacbcf066,655629776,FFISWHRMLT
'GPS,34,4;'Parcela,fb22e239-0fe8-4507-ac9e-24e27d8ccc64,1826074441,CFZHKOMYOL
'GPS,35,11;'Parcela,3b0ea14c-00b9-4fe3-9ad9-d36f1f28edf9,1965806041,PEUMUAMUOR
'GPS,9,74;'Parcela,d0638797-9eb8-456a-a357-635d75074823,615693373,ILOGYEHJPC
'GPS,24,34;'Parcela,598713ee-cdb1-4d3f-a7e8-c24c9ff29b05,408078518,NJKTPWDQAY
'GPS,40,49;'Parcela,91da718b-e893-449a-9d9b-3dc1024af2a2,1252078439,OFBNPUHWUL
'GPS,0,1;'Parcela,6f2164d9-08c4-4dd5-b4f5-7cdc66231dff,1516378679,RGSNOXNYBK
'GPS,5,3;'Nehnutelnost,8485ec13-ed50-47d8-9c20-87f3502180c7,1450842032,KRDFPIMHQC
'GPS,1,13;'Parcela,2e9752fd-e226-42dc-9c3e-8cdd3cf0c2d9,1446679627,AYSJBCWINU
'GPS,4,6;'Parcela,fafb82b5-6295-43b1-b626-c88011316bed,1497023116,RAGRJDRLNS
'GPS,8,16;'Nehnutelnost,d7c79744-38a2-454e-b53f-8391cec7fee7,1304372809,ANPWBASAVH
'GPS,0,58;'Parcela,7ad12043-c31f-4b6a-ab71-81edd6396ce3,194119849,IXJYXQCUTA
'GPS,2,28;'Parcela,d321aef2-3216-4aa7-a722-4a073a060dbf,610304919,KYQKSWDTMF
'GPS,1,93;'Parcela,9743b11a-5f26-486c-901c-30288214dbbe,64796090,GXIHJMZQBC
'GPS,2,79;'Parcela,28c5fa76-ee28-490f-9430-b4c657bb492e,1970677794,DGLIMQIUYH
'GPS,4,38;'Parcela,71c76bc1-1ca3-4c13-9785-cae958b0b6e1,1232568235,AYKAIRRUQT
'GPS,7,52;'Parcela,e322d5cd-5612-4b7d-b10c-b496049aced6,131312629,IJUZCZXUYO
'GPS,4,98;'Parcela,27042f0f-4488-442a-86f1-5997e855255b,752631783,YFPLXOWRJK
'GPS,19,0;'Parcela,1d45f582-5399-4710-b99d-f8f18c087b5b,1893363801,TUHQNKNUJT
'GPS,10,23;'Parcela,a6718e83-dff7-4c9c-bab1-449961456009,2108161997,YSMPLOCDKB
'GPS,20,15;'Parcela,35ba967d-57dd-400e-bf7e-435d24f5b234,115016732,ATZCPGEDFQ
'GPS,25,0;'Parcela,fbe8cdd1-0d7d-447f-95ba-65ea5f477060,749219896,ZMNUMXHRNN;Parcela,f9c83086-3c97-4167-949f-e6a92ad17d3c,2056925840,FXHSCEHYAA
'GPS,41,1;'Parcela,569d0976-1893-4d73-bdb0-a0b708cf47aa,1274903893,HLFOWCNHGY
'GPS,33,17;'Parcela,e193f71b-9a03-4a73-bb8f-df6c029c8d32,1659515186,MUHUBDRDNP;Parcela,735f3062-8fc4-47e3-8cfa-14ac4c3a8560,1798336320,WVNTINHBJL
'GPS,36,17;'Parcela,920f1dcd-1fce-4285-8286-18cd54ef15de,1990747715,TNEGZDAZVV;Parcela,b0abf0a8-55a1-4fe5-88fb-586bea153753,516751942,DHEZNHVNQV
'GPS,9,57;'Parcela,572eda70-d761-4b5c-8870-092960693e56,1934820624,XMGVZCJOSB;Nehnutelnost,592f8a52-f29a-44ca-b676-6a6541cceb16,519580157,SLDSCKYMKQ
'GPS,10,31;'Parcela,e3ea93eb-b69e-454c-bda4-a2a790f1164c,1647938469,MTATQVVUJJ
'GPS,30,32;'Parcela,a633de87-12cb-4df7-9a72-b6b557e6ffb0,2116748614,KZENONOXSQ
'GPS,16,45;'Parcela,7f76e2e2-dcb7-45f2-b676-3c5c8fe91b24,2116748614,KZENONOXSQ;Parcela,e799165e-1cd6-4baa-9da3-199022b49691,1382746868,WWGOWNZPEB
'GPS,45,53;'Parcela,d00ea4a3-089b-424a-81a2-f277811af10d,1252078439,OFBNPUHWUL
'GPS,1,11;'Nehnutelnost,e23fb21e-cb6b-4c80-bf29-9836097886e6,2069465425,QWTXUNCLEI
'GPS,7,6;'Nehnutelnost,8edea0d2-f895-43d2-af9e-e2914851334b,382367361,DQFMGKPIKK
'GPS,7,17;'Nehnutelnost,4e8b43f5-4713-49e7-8f76-a8fca8469bf4,953702200,ABSJBOKIIO;Nehnutelnost,be291504-44e8-4a98-b169-6304a80bb8bd,666495845,GLTDGVSMIU
'GPS,0,55;'Parcela,f913e40b-7fe0-4e2e-82ef-ed9885e32aee,1944123731,CREHAQOHEZ
'GPS,0,70;'Parcela,30620e92-852f-4f7c-9a98-089f89b9665d,495198595,ZPTFQYGWIJ
'GPS,2,18;'Parcela,de15d976-b116-4ce2-832f-dcdd7c96f8ee,440100236,WJLMKFFJVN
'GPS,2,70;'Parcela,1c02e18b-95d7-478e-a8c8-2d2344882fde,208491443,TPCMRTDAWU
'GPS,0,86;'Parcela,424e8e24-2ab8-4901-b53a-54f884d4a0b6,1233631838,SQFDECVEQN
'GPS,0,97;'Nehnutelnost,c892ff8a-cd56-48e8-bbbd-a58c9d0ea94a,500018159,WDEOZMLGCO
'GPS,2,78;'Nehnutelnost,1a3b6bf8-9944-4575-bae5-5353fba8e06e,1293812617,QHDJZLXSSW
'GPS,2,81;'Parcela,73eb0f5c-9390-4114-a3e6-3779036a915f,685856240,ZHZCUEAVEP
'GPS,3,21;'Parcela,54d5110b-3392-4e13-bfd7-2363bbbb8ab4,1404294014,PCUSLKTKJL
'GPS,5,48;'Parcela,ec76a72c-3c11-4dd5-a97e-75541b79f614,1036293924,TZLSJQTXCB
'GPS,8,19;'Parcela,86cf75f6-6dd6-41ab-98a6-fdef741841a0,1526350924,GHLWJVFXQX
'GPS,7,57;'Parcela,d21b74ba-1811-4589-aaf7-7d8bb368b24d,1787469135,KDCKMGJXQW
'GPS,7,87;'Parcela,e28980af-1f88-48d4-9112-c61d6b843d13,1631017352,MZRDDHXQVM
'GPS,8,100;'Parcela,e12193c2-ae35-4cb9-a277-d47522a77c84,1633880629,HRXDPHGJLF
'GPS,13,0;'Parcela,b422b8b9-09c0-4b7c-b3bc-e4fbe3666f73,961468317,SPRYSYBHMF
'GPS,15,2;'Parcela,7ae490d3-81cf-45e6-8769-1e917ffd07f5,736338551,KNHIHYXSXP
'GPS,9,23;'Parcela,25fa26e6-608e-4dcf-bea8-3862f600e5b5,2139071871,FOIKMGEZJG
'GPS,17,12;'Parcela,63061c9d-9684-498c-9ec3-cf801d0b7d5e,208491443,TPCMRTDAWU
'GPS,16,23;'Parcela,168988ca-6a8f-4987-ba62-10fd0e9cedc6,715244539,ADPHXLBWLO
'GPS,26,1;'Parcela,e473d159-555e-4d96-a105-ac4e9d63df51,487483255,MHEJTRTXKL
'GPS,50,0;'Parcela,fdf594bc-a9dd-47dc-b88e-b0c02d728c3f,621863048,XEEMEJCVET
'GPS,38,5;'Parcela,e352d31f-d0f8-4f8f-9f52-517eadc7a977,1993264989,ZIYLFQCSWW
'GPS,35,17;'Parcela,09e00c67-917f-4d1e-aba8-061292ee021c,1253380416,TOUUTSPPJK
'GPS,27,22;'Parcela,7f8a780d-87c4-485c-b662-68de43f3ac76,1377178838,VSPHKCFVVQ
'GPS,44,7;'Parcela,382e4a0c-b4f6-4f7c-bcb8-8462e7587245,655629776,FFISWHRMLT;Nehnutelnost,6ad97e0f-2b9b-4d87-a334-5dec91f54ada,2014519025,UJFFBUWPPO
'GPS,48,24;'Parcela,f827190b-a2f0-4fa4-a3f2-6a7053a44427,217157451,RRCYYUVLDL
'GPS,9,51;'Parcela,267e170c-b9bc-4433-b245-d13a0cd6f2c3,499842105,ALVADFBFXD
'GPS,9,82;'Nehnutelnost,a24a965c-af18-4745-9a56-1c7bcda5ac80,2058728791,PADIGYKOXS
'GPS,11,29;'Parcela,837c5b87-85d4-436e-aa3a-f9ae17a7363b,1893363801,TUHQNKNUJT
'GPS,20,33;'Parcela,a4f75aae-fded-4950-8fd7-c8272657377e,1833015122,OJJFAVVTNY
'GPS,32,27;'Parcela,7498ba05-7477-45c2-a841-3ddfe464690b,1355363528,XXOSARFQIM
'GPS,48,35;'Parcela,514dc61c-ffdb-40c8-8190-bd53debd5891,1114392216,TDDZOPLGRM
'GPS,37,38;'Parcela,6f7debdc-b6c0-4687-b70b-3b308d894b99,982299333,FGAUFEEXBD;Parcela,25e862df-8715-4bdb-a116-e0960b683aea,1677538393,ZSUJGAFOOI;Nehnutelnost,d2fda322-2888-4b09-ac46-224930364ff2,679682870,CWJZDQCVHL
'GPS,39,61;'Parcela,37898d2f-9ce8-458c-842f-1f907a3eebcb,1333247658,DYTPYLBEYU
'GPS,48,46;'Parcela,4a747da8-857c-4cc6-8fab-da890cd02ea0,1965806041,PEUMUAMUOR
'GPS,50,64;'Parcela,c9debe36-a60a-4ff5-a513-970276da18e1,1352114068,XSUOKYGTLF
'GPS,4,9;'Nehnutelnost,d8a86318-2449-41ae-8313-940006e25574,711710955,JXCTUHNOOS
'GPS,0,38;'Nehnutelnost,a5008862-95e8-4b41-aa2c-0b71a23e3278,1464789076,FYJGDBTEWZ
'GPS,1,43;'Parcela,336fa3a6-ed40-4ba3-82de-61e4ccc6cf9b,526045136,JDVPEDHOBM
'GPS,0,59;'Nehnutelnost,5d051ba1-0832-42c9-99c9-0f7e58d00e01,1187641543,DBPGFFVFYU
'GPS,1,72;'Nehnutelnost,06dc5591-1a3e-4422-b8f6-8a8f5caae992,1304372809,ANPWBASAVH
'GPS,2,19;'Nehnutelnost,d9f0c9ad-9d69-41b8-8556-e36bad061242,318136306,IMEGUIQPUX
'GPS,2,65;'Parcela,2574df7a-debb-4f86-97f0-b5f9265f1241,1105052106,KYXZEZAKGP
'GPS,0,83;'Parcela,a6ff0b68-3ecc-42c2-b676-6a805e998593,1868767109,QFYOLMLBXU
'GPS,1,75;'Parcela,8deea2f6-cb35-4330-aded-a5d05e4cfb18,1952419981,GVOAOQUVCN
'GPS,2,92;'Parcela,3f18657a-c865-45bd-a29d-3cde3b6f3f48,428808740,MVVXNRIBIJ
'GPS,3,23;'Nehnutelnost,37817890-e9e0-43a9-a034-b2d38d535402,2069465425,QWTXUNCLEI;Nehnutelnost,18b5436f-afee-494a-bff0-90ed2018f3e5,923432299,IYGWFITFSU
'GPS,5,34;'Parcela,eef85d38-158a-4b6e-9aa5-cd8979562d78,1233631838,SQFDECVEQN
'GPS,5,49;'Parcela,d92f3aab-5d4b-4212-81bc-38d9a7058f32,1293256485,YTODWLGUJY
'GPS,7,30;'Parcela,f2cdce05-7381-4cb6-b256-37e99239bae8,1449434100,MXRIDFMQNN
'GPS,6,66;'Parcela,98ea9608-7546-4cfb-ade5-c510effa136f,351029109,WLOUMVNZUZ
'GPS,5,82;'Parcela,ab20ca36-6d8d-42ec-9de1-9b1e11669867,169172032,EKHYIZPDFT
'GPS,8,98;'Parcela,3d5a4e83-7206-4cd4-b6e7-d00ebada300e,31034661,RISAKNKQQF;Parcela,b1d05ae8-a01b-4dc8-9296-9f955023a199,844799131,WXFKJRFCNS;Parcela,c75d2326-d261-4917-9d6a-03637ecb9d52,1485145026,RBSCSWDEDE
'GPS,3,100;'Nehnutelnost,b07fdae2-1049-47be-aacc-b8a2df023e71,1188062697,UTIQLNBTDV;Nehnutelnost,347d07e0-e588-47d6-b12c-fc53eaa1bd8c,89373963,CVSDWZVNAP
'GPS,10,3;'Parcela,0afce640-a795-4d15-afa5-6be70164723f,752631783,YFPLXOWRJK;Parcela,2673e86d-e9a7-4d6d-82b9-72961845ecdf,1325412774,SLQUTRCQIA
'GPS,18,9;'Parcela,04b97682-699f-42f1-b58c-685c352946ef,1297639496,AEMUOVZFVA
'GPS,9,22;'Nehnutelnost,a5833460-c6e4-4799-9a18-bf988b59c1fe,382367361,DQFMGKPIKK
'GPS,13,13;'Parcela,19810140-1b37-42ae-858e-0b9baa7ee8d0,1848809709,FXXRUNIOJS;Parcela,43163513-cf66-42ab-89c4-200138743a9a,964868690,RCFIXGPCHR
'GPS,19,12;'Parcela,1d5fbe0e-fe55-4e8d-8ecc-60b1a470a8ba,305504554,YUQHBHLOPL
'GPS,11,24;'Parcela,9c44b151-f998-4c92-9652-3ee9cef8672b,1128564542,NNOICNIZVR
'GPS,22,23;'Parcela,43c9e387-649e-432b-a029-48c16124b50c,1900633013,XLOPBNIQWG
'GPS,26,5;'Nehnutelnost,6667ca1c-6c01-4a82-90c3-ceeb80215ea7,1735490313,ACNKSNSBZI
'GPS,31,2;'Parcela,f598728e-94dd-4234-8dc0-dfaceffe047f,1313303232,YBLUMKPHHE
'GPS,47,1;'Parcela,a228a064-8cf2-4540-881e-999e54ae5230,106553817,WSGPGFKBKK
'GPS,38,3;'Parcela,f271efff-51b3-49b6-9bf7-c1833ad96ed4,144698154,KJYDJYNWLV
'GPS,39,2;'Parcela,92ffb9ce-c2f5-4828-bb9f-ec610cbbbf6c,911915400,ELMXONYFCL
'GPS,29,15;'Parcela,846a5a82-23ea-44d0-b4f4-3d3ba45028b7,934116724,DVEHMWOMDJ
'GPS,27,18;'Parcela,aa4867c3-c225-45ca-b530-8452c2cdab63,1685421054,KXXKKSKBKG
'GPS,33,24;'Parcela,788238a9-8c9e-4538-8cae-0d40094f897c,2056925840,FXHSCEHYAA
'GPS,41,17;'Parcela,6388fb80-ffe6-46de-8d3c-e1fe0b0d8fd1,1192769768,KBEXVJVBOR;Nehnutelnost,358a5422-5080-4657-b1b6-1ea675de1be2,1041860552,LOJKADEUGR
'GPS,48,10;'Parcela,f96e3f0b-ace9-4046-8469-5847ca4ce774,1627828447,MUFTBQQJWO
'GPS,40,21;'Parcela,ab0ea804-a06b-4c96-96ad-c522a6aefb12,1852722532,PZQHBVFQWF
'GPS,49,22;'Parcela,c2ba3ad1-1cfc-42fc-80cd-7564c471f688,1258970732,MADMMFBDJC;Parcela,3767ffbe-67fd-457e-9bad-f0ec57286d14,1431965616,XTONTNILAR
'GPS,9,54;'Nehnutelnost,b0b25309-9555-4a93-abce-81e50aefa721,1148364275,TOXKLQQLRT
'GPS,10,25;'Parcela,63bf7773-a1c4-4b35-85b1-0ea52544f495,2122740063,WCRIKLELVC
'GPS,23,25;'Parcela,695d5161-e2fe-4137-a07e-0a3773f33ae0,1274903893,HLFOWCNHGY
'GPS,17,35;'Parcela,4d0ef26f-21b1-45ca-a9c8-09bdeda29068,1271120222,VYZDUFFWEB
'GPS,21,33;'Nehnutelnost,723edeed-4dbe-4a13-9a34-13a74befdd6d,1358548468,WQZGXSRXXJ
'GPS,31,26;'Parcela,95457d04-7735-4c26-a353-f0e9b5b4bfcb,1142338577,XLZTZHDNBR
'GPS,41,30;'Parcela,ec4cb63b-a42d-4f21-a0ee-7737f2fa319d,999033470,URMASUETLS
'GPS,41,34;'Parcela,050cf710-6832-46f2-a2e8-351e854a47c6,934116724,DVEHMWOMDJ
'GPS,37,39;'Parcela,17e300a9-7fa3-4aa3-a1eb-7b4a1299e596,257096276,JJNCPZTOKN
'GPS,39,43;'Parcela,c09db6db-b8c3-4a44-962d-430df1cad3ad,256115255,XLBTPWLHTT
'GPS,17,81;'Parcela,8c1f5b6c-ab54-417c-962d-f11b965de533,578292835,KNIKUNOLBO
'GPS,40,81;'Parcela,8771a4fd-58ad-45a9-9988-d69f3082677a,982299333,FGAUFEEXBD;Parcela,c1cc6544-d875-4d43-b37e-5395c50a0586,610304919,KYQKSWDTMF;Parcela,3159167f-77f5-464c-bd90-89ac7b1b1a06,2123108950,AZHFNVLYBP
'GPS,41,48;'Parcela,1663b2ed-2aac-4e45-bedf-e2858e58aef2,66602145,KYFBJLDLSU;Nehnutelnost,8fa0c59b-069b-4b7f-9716-caa02fc01cbd,1397741565,CTHXMROOHT
'GPS,49,40;'Parcela,f3562552-d484-43d8-a5d0-9d8d76c40711,579110097,SGHQPDYPCJ
'GPS,50,54;'Parcela,c8341c88-0d12-42a2-abc7-c8f17501efad,66602145,KYFBJLDLSU
'GPS,6,16;'Nehnutelnost,47804043-b993-4e44-a0eb-ab3a44611fd6,521365562,EVJBDMSNPG
'GPS,0,25;'Nehnutelnost,e69029f2-c2c4-4607-b4c1-fcb008eb4148,359107871,JMEIOKEKIW
'GPS,1,41;'Parcela,8fd15fd4-503f-402f-a234-a32a6c0e9e22,1962205127,XWWWKJSTPM
'GPS,1,51;'Parcela,83e505d2-6366-4b4f-b371-e5541111eff0,1206373356,AUVRXFTRWI
'GPS,2,55;'Nehnutelnost,50539ac0-edb3-4526-a3a4-6cb9ed1309e9,1010764911,UTGJNHBWYW
'GPS,0,78;'Parcela,68e0bd89-0f19-448f-828e-e836830b1abf,1270438057,OKUNLSPIIE
'GPS,0,84;'Nehnutelnost,94859c14-c917-4e18-b59f-5a0e326d7710,471001295,DIYYIMAOEZ
'GPS,1,77;'Parcela,58457965-36d1-450b-9ab9-89bc1ad680cd,1071909918,DYRMIJMBUE
'GPS,2,94;'Nehnutelnost,993e54ee-754b-4d0d-b4f2-1b587ca4826d,666495845,GLTDGVSMIU
'GPS,3,25;'Nehnutelnost,8f0fb981-f49f-469a-a2b6-e3faa17a64e0,2069633029,NPXNGFGHRP
'GPS,4,27;'Parcela,22b2c1a2-a58b-446c-b045-aab4e16c3e35,1541193936,MYZUXCIIHY;Parcela,9ef9f0f0-0654-4f82-bf0f-ac3aec47775d,715906776,UWAYCRUQOU
'GPS,4,36;'Nehnutelnost,0f07ef77-5fbe-4c47-b91a-1c1edb7d6d56,1803216551,RAFOYWASUR
'GPS,3,44;'Parcela,ef6e89e0-93c7-4c88-8eb7-01256537b087,615693373,ILOGYEHJPC
'GPS,3,61;'Parcela,3cf51a85-19d0-48fa-b315-8ff1016d2b54,1851014985,TNOSOHCCXX
'GPS,8,21;'Parcela,b45210d6-a8c0-4cd4-9334-2b3ff99f2674,76038840,JLAMYDICWH
'GPS,8,45;'Parcela,0eca36f0-6af9-4bfa-be6e-9b8b372d87d2,731442596,CVGUAQXHDO
'GPS,7,58;'Nehnutelnost,54ee409d-7301-4612-afd0-c3ff1a8a920f,1246579213,QDKCXRVIES
'GPS,6,68;'Parcela,5fe9c8c7-32d2-42a0-b046-b83f7ea330be,1866423975,XDQACOEWBA
'GPS,4,83;'Parcela,4d51192d-2c9c-483f-8b6d-d18c02ac8d7b,1541193936,MYZUXCIIHY
'GPS,8,92;'Parcela,600208f7-23f8-4b3d-8bec-842bd814abcc,1979661762,MQILSNDHGR
'GPS,9,3;'Parcela,10cce4d0-66d2-4216-867c-27476b08fcf5,1939742649,BNUGKQTEFY
'GPS,12,11;'Parcela,48e09633-b63f-40f0-8eb6-4b4d11566ad5,31034661,RISAKNKQQF
'GPS,21,3;'Parcela,f760be94-0ce3-4b91-b49f-88d8b08642a9,452339117,FXGKNZZXTU
'GPS,19,11;'Parcela,ee7986da-5366-4d15-a257-4f845c5e5afe,1979661762,MQILSNDHGR;Nehnutelnost,221c3bbe-99fe-4918-ba5d-3f09db16a91f,1247027525,KMYXVCMXLB
'GPS,12,12;'Nehnutelnost,8102e149-b73c-48e9-9365-dd3856cc80d8,1462796607,MSLEMPOXOB;Nehnutelnost,a4080422-8976-4a91-a742-a162dcada83e,2103770901,QRFGCTPJQK
'GPS,17,14;'Nehnutelnost,7c0f1ce1-116a-4ef7-b4d0-df1188988916,821064500,IZKOXIWKUR
'GPS,20,13;'Parcela,4018350f-7b46-436c-8550-34716e6b3153,731442596,CVGUAQXHDO
'GPS,14,22;'Parcela,d0b33fa4-a8a3-4c16-886a-87da00f9f2b7,87155480,LFUBJPQVXL
'GPS,22,16;'Parcela,f3c721e1-0252-4145-949f-ed01cee4f361,20975149,ELPEQNAWGT
'GPS,32,1;'Nehnutelnost,f602b2e9-ea0b-4a07-8df8-1760f89cbe69,1368580761,XIMUELUTKU
'GPS,29,4;'Parcela,9a547901-8714-423d-bdc4-5a01de144031,1255755413,IEEYZBAAJY
'GPS,37,1;'Parcela,dbb5ef98-5208-491c-a11d-cb4db0585613,1550810167,BCSGHPFDOU
'GPS,36,3;'Nehnutelnost,f9cf9269-02b1-42f3-b53a-3122f9e7d0b5,598399040,JNARAGCNJM
'GPS,37,4;'Nehnutelnost,58fdfa4c-8488-418a-97f6-37cfd55147bc,1375251994,RBKCNMYFFH
'GPS,49,2;'Parcela,5976d3c7-f9a3-46fd-93f8-89c1ec5c61e2,1793089822,PWMJMKPZVV
'GPS,48,5;'Nehnutelnost,c3d346dd-50fe-4d0c-924a-20d791a320f5,267132495,ODOAXEPEXK
'GPS,35,9;'Parcela,63c66aaf-df91-4a23-b926-2d2c2c16dd13,1995401388,EXJFQXRABO
'GPS,28,17;'Parcela,2b1d99b5-1d0b-4970-8487-522e93f1fa79,1476509240,KEPJUVEAFO
'GPS,26,21;'Parcela,14a85eb2-f52c-45b7-9336-086c8d1197f4,1518491534,BZRLQUFZIU
'GPS,35,18;'Parcela,09f0efad-fc8b-43d6-ac36-d17e79de38fd,1421374748,KCTMMJXDNO
'GPS,44,16;'Parcela,684fbf46-2d40-45a3-a8d0-f80ec834e952,845151144,VHJPEFJUGQ
'GPS,50,6;'Parcela,fff0bfbe-63a1-405d-b8f2-9611a6596fba,2113989255,TUSPCSMPGZ
'GPS,45,16;'Parcela,711e9878-e4c6-4e33-b098-8125c722db86,1652298103,HOEQGHELJQ
'GPS,47,20;'Parcela,a50c2e56-7459-44e9-848f-5c5054176d5f,1907193925,VMWAZHGTEW;Parcela,b9e3ddf6-1a02-44ae-8829-7ae4623f21f9,1954224318,PGSHOSXAOW
'GPS,41,23;'Parcela,b3e34bda-41dc-4f50-a18c-797efeecbfbe,1114392216,TDDZOPLGRM;Nehnutelnost,39afb5d1-e3e8-41c5-8619-e0f2cda90b8a,1979614796,ZVKKGKAURM
'GPS,50,21;'Parcela,be418f2d-c223-429d-b228-f4ee0bed5580,541113866,VNNUNZPXDY
'GPS,49,23;'Nehnutelnost,b02cd0f5-ea6a-4185-b440-38748b52b2be,1095387524,CCVLEYYNUC
'GPS,11,28;'Parcela,ac67a9a6-e4df-4508-8d27-61f0240944ce,339394597,RAZOSAVREH
'GPS,14,25;'Nehnutelnost,83cdb7c9-9e34-4062-9f0a-d330dd12fb7a,1616935870,BYWSYWXZHK
'GPS,22,30;'Parcela,ccd4af64-0293-48ec-9769-47aabde7e5fb,1250449856,YFSONNJLMC
'GPS,11,33;'Parcela,7f34cd7b-58de-4e17-9472-372fcc864177,48139045,MCWOPMCJBY
'GPS,21,32;'Nehnutelnost,ece5173e-21a8-435a-afc3-8ccabf7c1470,1086256449,LTTFZFBUHY
'GPS,30,26;'Nehnutelnost,f15a9745-ec3b-4ede-9936-a2e323f5be25,13992331,FZJZZLSDQL
'GPS,32,31;'Parcela,1378fde9-1423-4b04-8eb5-649f081f5d81,749219896,ZMNUMXHRNN
'GPS,40,27;'Parcela,60be047f-6657-4c8c-b261-bdd077971e32,2103413946,QRIXVBHQRB
'GPS,49,32;'Parcela,69b57a68-280b-4bb4-a609-a162b744a66c,1805098017,NFLVJSZQHS
'GPS,30,34;'Parcela,552aa1e6-0f67-4ece-b232-8cd2270c9b16,1325064901,TBCHHRTYJI;Parcela,60f78169-3181-4c5a-88ce-b522d599e74e,2122740063,WCRIKLELVC
'GPS,47,35;'Parcela,e4f77698-64db-4443-a0d0-27a1edc665fc,452308610,FVMODTCOST
'GPS,16,36;'Parcela,aa39ff55-8b7e-4523-904f-349a3a3b8c0e,845595581,XCDBZIRCSD
'GPS,24,41;'Parcela,4feec4d5-3538-4094-b0ad-19448c30b145,257096276,JJNCPZTOKN
'GPS,38,38;'Parcela,fe636799-c6d9-4abd-a06a-3f632d39761f,938444315,DKKLZXFDXC
'GPS,39,45;'Parcela,59607ffc-39bd-4eef-a267-d11e2ea9b25a,982831744,IMJDGHKFGX
'GPS,12,76;'Parcela,45d17f1e-e3d3-48c0-8339-c7f2ebe1b586,578292835,KNIKUNOLBO
'GPS,11,92;'Parcela,bc173f07-0b3f-4396-93c6-8a711b123215,1659515186,MUHUBDRDNP;Parcela,e5dc0bc4-bebf-4fd1-a6b8-629e1f8369fb,1120465874,MGENYSTPHQ
'GPS,40,75;'Parcela,39db23e2-350f-4d87-bd6a-bfab483dfbd9,217157451,RRCYYUVLDL
'GPS,40,99;'Parcela,749015fb-ecf5-473f-bd00-741ffc4b183c,48139045,MCWOPMCJBY
'GPS,44,45;'Parcela,6b6b6a0a-946a-468b-bb4d-a2bf6fa446ea,967329862,JQNABEZAAR
'GPS,41,49;'Parcela,26321efb-c626-4440-8020-34e85f16c35c,461202082,NRDYGDTFAM
'GPS,50,38;'Parcela,837f9186-eaac-4136-ae31-e2c3d02624b4,1250594499,BKDLRWSPLC
'GPS,50,41;'Parcela,d13660e7-a12d-40d9-950c-0330d15fe694,846597277,MTEDMIOYFE
'GPS,43,54;'Parcela,d2f317f5-4f00-4d4f-8739-a593625404cc,1522508537,WQLVIBTDNH
'GPS,45,57;'Parcela,49c366bd-3925-4e7b-954c-430502a4395e,1647938469,MTATQVVUJJ
'GPS,3,16;'Nehnutelnost,7533cf65-bba9-46ca-83dc-76764fa539d9,306225319,RRVVVAITAH
'GPS,0,18;'Nehnutelnost,da98c414-e011-4e12-a55b-77dbf8244efe,524320591,GALVBAGWCZ
'GPS,1,44;'Nehnutelnost,d3d0f3ee-1d8a-4124-9e70-d2b58454cc99,58403667,XFMOJBWDNT
'GPS,2,44;'Nehnutelnost,694902ae-d6f2-4193-be6c-caebb48f350b,524160353,HOPPGDHJEF
'GPS,1,88;'Nehnutelnost,a96e062c-75b1-45e0-a2ab-24f43f429fb4,485511551,IXUQQPDHKP
'GPS,5,26;'Parcela,11a4cfa7-c6ec-47b1-b6b7-b430fee86654,323204040,AFHJEALVNM
'GPS,4,37;'Nehnutelnost,cae33409-2608-4d6e-9a21-247126c33136,1777383148,AMYJHFKGDE
'GPS,3,41;'Nehnutelnost,cb3344d2-ada2-414f-9005-cdaaea6eae04,89373963,CVSDWZVNAP
'GPS,4,48;'Parcela,3cb7ac43-47dd-4434-9200-5c3dad7aaa36,860824710,UJLLPZFJIQ
'GPS,3,50;'Nehnutelnost,a779b175-af6a-4cb8-bc33-7c03ffce5667,1595368768,CWJLMHTFNT
'GPS,4,63;'Parcela,f938eef0-ac9b-4432-9e30-36a15697afc4,2108968632,XCMOFRROMI
'GPS,7,21;'Parcela,65cbbdba-ab20-47da-b3e4-4982ae658c03,756642268,DOPKEAHFRF;Nehnutelnost,6d3efb28-d752-4817-90c3-a708503031fc,602192147,JOBLEEEYFS
'GPS,6,42;'Parcela,f78d81ba-c829-418b-9101-adc43e65aaf9,715906776,UWAYCRUQOU
'GPS,6,72;'Parcela,c22aad2d-9c9b-4be2-84e1-9d5a0718602e,144698154,KJYDJYNWLV;Nehnutelnost,380d60b6-a3ee-4ed1-94b3-7feec7236661,2097498203,KREYEVKCRD
'GPS,7,72;'Parcela,c6b2b96c-8f8e-4858-9dbc-5b82f9d84443,1138354146,BJXBIFLQYG
'GPS,4,85;'Parcela,f3ab0355-38b9-4c56-a30b-bf6c805191d4,1583565479,QEXATATZQZ
'GPS,7,93;'Parcela,54e587ff-45a6-4448-ac59-e06fefb91efc,1624127273,CYOBTUQMJU
'GPS,8,67;'Parcela,dc62036b-745d-4452-b885-3fc2e72720cd,56426434,KKLQXEGYWF;Nehnutelnost,0b338108-28e9-4e6d-b479-11e26ce61e7b,2014519025,UJFFBUWPPO
'GPS,10,1;'Parcela,bcc8ce78-838f-436e-a567-f72600a081e8,746271623,YXUVZPLLYS
'GPS,11,10;'Nehnutelnost,7e85058a-538d-4563-8612-38be923a386e,1373211163,CWUTANNYHM;Nehnutelnost,04fe4c8c-4bcd-4a2e-8f8b-7612e6ace5a7,1145210505,KRWWZKTLLL
'GPS,14,6;'Parcela,1939da3b-f05e-48fd-9a8e-a5d74e8def71,34786760,YTNVKDHGJJ
'GPS,20,4;'Parcela,0d71368e-b9b8-49d5-8ba5-ba92dafbf32c,1493122786,ANEXERXLUI
'GPS,22,6;'Parcela,746d216e-4c94-4a31-b1c6-b30ce9581089,608624545,ZKREXUWJYG
'GPS,17,11;'Parcela,a85712aa-eff4-495c-9a33-39d1a85647ab,1531397184,PZIYFESNDB
'GPS,23,10;'Nehnutelnost,b138c132-ef3d-453a-90b5-6f3e062fd397,2117459400,VGTTHSWGML
'GPS,12,15;'Nehnutelnost,97cc9a69-5591-4637-8da7-6aad68ab5543,1365527105,VWHBPMIBYM
'GPS,18,15;'Nehnutelnost,b609b483-b871-4907-86f1-9958ca5a5b14,542852718,LWJIXUIHID
'GPS,21,15;'Nehnutelnost,55946ba7-eb7b-4e72-a511-9ea5290d38fb,1846747123,BQOHYZHYHZ
'GPS,11,16;'Nehnutelnost,f304d9d4-ee8e-4c5e-bef3-bffc6ed2164d,524160353,HOPPGDHJEF
'GPS,16,22;'Parcela,f0d9ad2d-c0c1-4791-8bd8-e9ab44fea4da,746271623,YXUVZPLLYS
'GPS,19,22;'Parcela,7bba19a4-26ae-436b-9548-1b8f92efd505,943899522,ZAMETTOPBN
'GPS,23,16;'Parcela,50d38f13-d883-4eac-b49d-07d9db3106dc,1607199428,SZXDZMPOON
'GPS,28,3;'Nehnutelnost,384f4c20-79bd-4b69-ab4e-329d4870d52b,1668756485,XUKBFWHYHO
'GPS,33,4;'Parcela,79b3170b-b505-4c14-9655-831402ac04d2,1938035512,QYDTKOGIAI
'GPS,40,0;'Parcela,9759020e-4f99-494b-9d1e-4c22e1b43427,1457897791,ILFXPRIJLZ
'GPS,32,7;'Parcela,5f334ebc-efa3-446f-9da8-5a739266689f,76038840,JLAMYDICWH
'GPS,27,17;'Nehnutelnost,5c9729f1-166b-4a2f-bdd0-4711db3c3c12,1876814593,KOVBFKOVFR
'GPS,26,24;'Parcela,edf40251-652a-4ca1-b484-e54c152a7373,881736459,AZZSGNUKBV
'GPS,27,24;'Parcela,4accc324-16de-4279-9808-6b7ccd4ea30d,460105529,XQTETSSUZD
'GPS,32,20;'Parcela,9fcf7e91-806c-44e6-b9dc-58c6db9f9208,1522508537,WQLVIBTDNH
'GPS,38,6;'Parcela,dcc40fd9-ae6a-4295-a2b7-a71ada1072f0,796358490,LNJHKHFUFC
'GPS,48,6;'Nehnutelnost,1ac5b703-df93-43ee-a588-3962503a3e0a,836362600,LRYECSODMU
'GPS,49,11;'Parcela,d5de712c-315a-46bb-9910-8919136544d7,1359154767,WQSBJMXXHR
'GPS,39,20;'Parcela,983e08e7-0cd6-432b-945e-d5598dc9122e,1297639496,AEMUOVZFVA
'GPS,38,24;'Parcela,e9065fec-8078-4a5a-9d7c-9495a64f271e,1685421054,KXXKKSKBKG
'GPS,42,22;'Parcela,123d72f7-d51b-4b4b-aa74-7e9695df1e32,792752040,WFVYVFSAVH
'GPS,10,30;'Parcela,d5ff7f22-24cb-4487-8d21-d9b5f283786d,1487151277,IVHVNCHISH
'GPS,21,25;'Nehnutelnost,a61ed379-edc7-482a-b660-48f391608533,1562424017,YHIJEDLLXO
'GPS,17,31;'Parcela,19210474-49c8-4a75-9c1c-f41be78789d5,305504554,YUQHBHLOPL;Parcela,5abdcd0e-f424-4b48-92e1-eca0aa1c689f,1485145026,RBSCSWDEDE
'GPS,23,28;'Parcela,2d48ef13-1c31-4e74-a945-e5c6fa7085ff,1743448680,THBMNEFBEX
'GPS,16,33;'Nehnutelnost,3d3814d9-9d07-4adf-8f3a-84402694da88,2122714363,HSDGVGAWCD;Nehnutelnost,ef6c0a66-07a8-4b43-adac-b36eed67ae9a,2117459400,VGTTHSWGML
'GPS,26,25;'Nehnutelnost,1e4dd88b-d64c-41cd-9760-372bef71e274,327093856,GUNGASGCJN
'GPS,32,25;'Nehnutelnost,f3d6b8b7-18da-4bf7-9835-bdf4fe791ab9,1755223374,PAKGYQMSQW
'GPS,25,29;'Parcela,d27a44b0-da4d-41a8-a634-6d5182e0b9a0,1710166370,FONMRWYYJT
'GPS,34,30;'Parcela,12316ec5-05f0-42ec-8864-5c01f23cf810,1612417422,SUPMEAJNVO;Nehnutelnost,ad7297da-1669-4319-bf5b-e4edc6062e3f,394625618,PPFCEXXBXT
'GPS,43,30;'Parcela,c819bbfe-dd0d-4865-956f-808488a6aeec,1402111667,IGOKNISRNA
'GPS,48,31;'Parcela,1a3543d3-1862-4e40-bfed-0f9284705c5f,2103413946,QRIXVBHQRB
'GPS,50,31;'Nehnutelnost,9f8513fd-ddbe-4abb-a012-cad5d722a8c7,1735490313,ACNKSNSBZI
'GPS,26,33;'Parcela,a8e7706f-fb84-4dc7-82ee-fa5874e94ee3,792752040,WFVYVFSAVH
'GPS,40,34;'Parcela,17c3449e-7ca5-499a-b00c-0921a8362bc8,1624127273,CYOBTUQMJU
'GPS,40,35;'Nehnutelnost,8c19b70a-b9eb-439b-99de-4ea875c937eb,1365527105,VWHBPMIBYM
'GPS,15,37;'Parcela,b58f9da0-c2b1-4517-8bc0-9590b2f7bf9e,1743448680,THBMNEFBEX
'GPS,22,36;'Parcela,80c0ed19-ec8d-49ae-9e30-37e8e0f6eb12,1129761632,UJBGAKATGL
'GPS,21,44;'Parcela,72fe79a9-7ce2-4aef-85a5-2e99499ab047,651183325,GLBMRONPXE
'GPS,31,43;'Parcela,d62b61cb-ab83-4ba3-b801-f275c2931b2a,1253380416,TOUUTSPPJK
'GPS,38,40;'Nehnutelnost,9f5dfec1-e3fb-4e15-97e2-f793ff38b549,472175967,IBMQLCUTLJ
'GPS,40,44;'Nehnutelnost,76fd0d38-5db5-495f-b4b0-dffcf7d5fc00,58403667,XFMOJBWDNT
'GPS,10,57;'Parcela,263f6722-ba9c-4607-9b67-8cc345aaed17,1948248896,RRBMYKGLZK;Parcela,a6a4c8c9-1ebe-4090-8034-ea8516004614,1545657875,KBJEKNNIGX
'GPS,23,68;'Parcela,e23c5cf0-d162-452d-8f21-16a922569820,1355363528,XXOSARFQIM
'GPS,11,91;'Parcela,ee77af67-7edb-4356-940e-f13053d3ec1c,999033470,URMASUETLS
'GPS,36,91;'Parcela,fe79f72c-bace-407c-a29e-6f90df418609,2085527041,ZJBRJGSJVK
'GPS,40,51;'Parcela,08397579-07d8-4e84-9e4a-4d938a28b3e7,579110097,SGHQPDYPCJ
'GPS,40,88;'Parcela,71bc81ab-93ac-4082-833e-7b9ab0e797bb,1205132993,IUQFXLKRZP
'GPS,44,40;'Parcela,8ed7aa09-7ebc-470b-b647-13ca29dbbff8,135745707,HZTPQDCMXM
'GPS,48,38;'Parcela,b25a0b90-ef0d-4a00-bd9c-51eeb4ab5305,1692731451,DQQOWKAKQV
'GPS,41,51;'Parcela,f87f122f-7a00-413d-961d-7e44322769d2,1136013098,HHYWFPCBRE
'GPS,47,52;'Nehnutelnost,9a6b03aa-f7fe-4215-8bfd-c412cdf48ab0,1846747123,BQOHYZHYHZ
'GPS,45,54;'Nehnutelnost,f3486aad-c377-43f9-93a3-f7a9f0adcffa,2058728791,PADIGYKOXS
'GPS,43,61;'Parcela,1c6631f5-fe55-49c4-b69e-a45a6324edcf,558161636,RBJJNQYUIX
'GPS,48,90;'Parcela,1a167811-f658-408c-8f5d-58d17072fd0d,1752727572,TJIOARQWQQ;Parcela,3253fa34-7836-4599-828c-35fdc3543ce8,2065101280,OMRDUSDIUR
'GPS,2,15;'Nehnutelnost,4cf10488-1f11-471c-992a-19f744b3a98f,1496853855,AFPHAEXGER;Nehnutelnost,963cca01-7f4b-44d0-b4a2-410e4fd76ef5,1977845706,ACWSUOADJY
'GPS,1,49;'Nehnutelnost,2b9198f7-afae-4d76-ae2d-0631cbd87958,652594030,YPOCBWBLBB
'GPS,1,85;'Nehnutelnost,bad540f7-911f-4e6c-821f-e0e56e4dfdf8,193567231,LXISDLIYFE
'GPS,5,25;'Nehnutelnost,cee1f3eb-313e-4c99-9345-ead37cdb29e2,266776722,DKKRFEMVXT
'GPS,5,28;'Parcela,2576e30d-28da-4ee5-a5ab-e154a07171e7,1587557340,ZDRLLNWFJP
'GPS,4,45;'Nehnutelnost,1f90cad2-e28a-47c3-8e09-2791026b2e5c,2074505032,YPABBDQIJP
'GPS,5,61;'Nehnutelnost,69fb7f5e-f531-48db-bb29-0788dbe6b1b4,13992331,FZJZZLSDQL;Nehnutelnost,316dc86b-04db-4766-983c-29431e0da2f5,1777383148,AMYJHFKGDE
'GPS,6,21;'Parcela,84214304-57d9-48dc-9375-545555a51200,620448082,ABXDNKJXWK
'GPS,7,24;'Parcela,c5e75675-c76d-432c-a920-c553fa37e041,654110378,EPEBBFEERA
'GPS,8,38;'Nehnutelnost,697e4e2b-97ea-45ba-ad21-2c737f935288,1562424017,YHIJEDLLXO
'GPS,6,43;'Nehnutelnost,e9cf724d-d0ee-4247-a590-75fb2d36819e,1373211163,CWUTANNYHM
'GPS,5,72;'Nehnutelnost,ca48b069-d153-4f66-aad2-0803f2fae2fc,1620926059,AZFQTVPIFM
'GPS,3,74;'Parcela,9d528396-da98-4f2b-8d69-e6f4dc7aa192,1071909918,DYRMIJMBUE
'GPS,7,75;'Parcela,8b2e507b-a671-4042-8eb4-1d70b357d880,173108572,KFACROWVHR;Parcela,d44c5e81-2911-44cc-b765-2f68aeb7569d,2105059959,DCONTUTXFX;Nehnutelnost,ecc1f5c3-54dd-4b22-9381-748adfbec333,1786342927,YOJFUISAZJ
'GPS,4,95;'Nehnutelnost,fd4d87ad-9f92-4a41-8590-0d013b2468b3,2084922691,DSQTLYPJRJ
'GPS,5,83;'Parcela,42d3d382-a9b8-43b8-8b6c-7165e21343ee,1233999748,HQFTGJWGPT
'GPS,7,94;'Parcela,b37eeadc-0b7d-4216-ae61-4ba2c9926229,789219699,WQRPMWNWVB
'GPS,8,78;'Nehnutelnost,94095476-a463-43d3-a306-77d382074939,1622310793,QNOMUXHZCD
'GPS,13,1;'Nehnutelnost,a3fba49a-9c9b-4279-a38a-deec1f838964,953702200,ABSJBOKIIO
'GPS,10,10;'Nehnutelnost,4974e26d-d0b1-45ff-8466-9787f44ddda6,349177872,EJXUJZIAWR
'GPS,11,11;'Nehnutelnost,6a04095b-d13a-4058-972d-5521252a39bc,1104201257,UYMSNCARQJ
'GPS,20,1;'Parcela,02fbdcac-1262-417a-b60f-08ca6b7f91c2,2105059959,DCONTUTXFX
'GPS,20,7;'Parcela,1fe37aef-9436-4b7f-a784-9059c58a69f9,475262580,SWVHXICMZT
'GPS,23,4;'Parcela,97bf34df-617f-48d9-8f5d-6a5b9573770d,541113866,VNNUNZPXDY
'GPS,12,20;'Nehnutelnost,41529fe3-b4bc-41d6-b8e4-04b941c6de05,1368698950,QIRDTVKSCW
'GPS,22,19;'Parcela,4d8dff18-3230-4859-b687-5074d44e76e0,649419699,KTKCYJKXYI
'GPS,23,23;'Nehnutelnost,9ba24e24-af27-4fe4-b47f-14f064b2649f,1848321683,AXFOPLUEUR
'GPS,33,3;'Nehnutelnost,9b2f1b38-074b-4d4d-8080-ad5790692127,1804748737,ZSSJEDSEXP
'GPS,48,0;'Nehnutelnost,8dd44a45-086f-448f-a1f2-72e1f2d022c5,394625618,PPFCEXXBXT
'GPS,42,1;'Parcela,7436d87b-72bf-41ca-843d-d64f3093171d,1446679627,AYSJBCWINU;Parcela,55b4740e-6dcc-491a-a909-08c0894fd36a,746502311,RUWCKAZESZ
'GPS,26,7;'Nehnutelnost,a04f9978-34c1-4d60-8378-95ab8cbd1e54,1668756485,XUKBFWHYHO
'GPS,34,10;'Parcela,8f8f3dfe-c1e3-4e62-a202-e41e71d68cd6,1652298103,HOEQGHELJQ
'GPS,25,22;'Parcela,5c78decc-c31d-4ce5-8397-be5224f7b696,1711174253,VFERRIOBWM
'GPS,33,18;'Nehnutelnost,d3698441-1297-4a8c-bade-9e6f3e3bdbc5,500018159,WDEOZMLGCO
'GPS,34,21;'Parcela,1f172ddc-a012-4761-bffd-60d8b04c4b99,852804817,AZLXKSRMGO
'GPS,36,6;'Parcela,4ed9cb1b-61ec-4802-8850-d41c406bb709,349364773,QIZOZGXXAK
'GPS,39,12;'Parcela,1e6a6af4-ea1a-4ae6-94ad-d1d02361ce9a,252967053,LDTVWFZRHO
'GPS,45,7;'Nehnutelnost,98e1384f-8296-46a4-8c20-6589cb7352b8,434098762,GOLBEBKGTV
'GPS,48,11;'Nehnutelnost,ee3311a4-bb7e-41ac-8d37-6ef931d1586c,441659553,WZJOBGFUSQ
'GPS,50,16;'Nehnutelnost,0f541daa-d3aa-4eea-b068-aa8ea8301d2a,836362600,LRYECSODMU
'GPS,40,18;'Parcela,03289f3d-d71c-426c-a2d1-b28a8ba46237,1128564542,NNOICNIZVR
'GPS,47,21;'Parcela,133c6d54-9358-4935-af7c-036eec893df7,985688462,WLVQXHOGXV
'GPS,39,23;'Parcela,6aaef235-ea95-473c-a268-7aaa7b7bd491,982831744,IMJDGHKFGX
'GPS,48,22;'Nehnutelnost,b44dd60d-6f2a-40fc-a45f-aeb366d80595,679682870,CWJZDQCVHL
'GPS,45,24;'Parcela,92e867db-e0c9-4b89-9138-a9d0c70556c3,2025162885,ZLGOWTZISB
'GPS,15,25;'Nehnutelnost,f14043c4-6519-4617-9181-3778d55279a9,434098762,GOLBEBKGTV
'GPS,18,31;'Parcela,125b6fc7-668a-4d70-b292-b2f97021e337,506276431,CYZZMCJEDU
'GPS,23,27;'Parcela,1edd581e-3c24-4cd1-97a8-97394cff4ef8,1692731451,DQQOWKAKQV
'GPS,24,29;'Parcela,2a99c6c3-94b6-4665-baee-bbfa9c31023c,1410002945,HUAUCIRJXD
'GPS,17,33;'Nehnutelnost,7c5d1421-f3f6-4fcd-8fa1-07db3c685939,471001295,DIYYIMAOEZ
'GPS,13,34;'Nehnutelnost,99b9b8b3-72a7-4dac-b2c4-77607ff3efb5,1450842032,KRDFPIMHQC
'GPS,32,29;'Parcela,1f88228d-1f0c-402f-a350-b4688c66e57f,527008612,DMOHMPIBWF
'GPS,31,32;'Parcela,267f2112-e8a0-4d1e-b640-dc96d95f7eed,1589014934,YUXPCDYDLD
'GPS,39,29;'Parcela,cb09fdb3-32e2-40d7-b17d-8712806a7caa,1182722930,OZOJXSRVOO
'GPS,45,29;'Parcela,e4c0db0f-5eb1-4554-a069-4aa9037c706d,86037920,AASWUNGUQZ
'GPS,47,31;'Parcela,050cceee-f553-49b7-929a-0393bfc43c3e,654110378,EPEBBFEERA
'GPS,43,32;'Parcela,1421462f-4d9b-4563-ae64-7df3efebae54,1377178838,VSPHKCFVVQ
'GPS,29,34;'Nehnutelnost,023ec490-891b-4e58-8af0-611050584a63,1659531954,ZFOLZOTSLM;Nehnutelnost,244f86f0-5c8b-4227-bc66-7a3d98bb4c31,133449189,OGJHKIXRTS
'GPS,46,33;'Parcela,a55530c3-6591-46f2-a33a-3f65c0879a02,1605478222,RTLSBVVBHP
'GPS,13,36;'Parcela,8a49ca69-2b34-41f6-9d5e-efc27cc9dbd1,86037920,AASWUNGUQZ;Nehnutelnost,ed8bd1fd-f89e-4206-9b33-6758444a3e0e,524320591,GALVBAGWCZ
'GPS,12,39;'Parcela,7e68a376-50e4-4eff-913e-6b77d04779ce,223182123,GTHBGUMUNR
'GPS,32,36;'Parcela,651aeb2f-bedf-4ee5-9b18-eef5ed09a161,1068594916,WFMJRGQWJM
'GPS,35,39;'Parcela,0c7e9d7e-22b0-4a8d-b489-0fc1a8805aa4,861762056,TFVFWREQGV;Nehnutelnost,816fa85d-edf5-4506-89d2-fdf5447ef42b,1462796607,MSLEMPOXOB
'GPS,19,41;'Parcela,488f52ed-d018-4f61-a11f-780881618202,967329862,JQNABEZAAR
'GPS,13,45;'Parcela,5cd6b402-a449-41e1-9c4d-e44ba15fe49b,169172032,EKHYIZPDFT;Nehnutelnost,312997d7-0495-4e71-a771-58fd51f59bbf,1346762646,IIGUVTICCS
'GPS,37,41;'Parcela,7bd2cb77-a58c-4459-945a-3666f3d28ac3,1250449856,YFSONNJLMC
'GPS,25,45;'Parcela,f502b320-e539-465a-9be6-380da3e2cebc,1791998471,VTWWFAFCTH
'GPS,38,37;'Nehnutelnost,64b4f771-b921-45a9-b40d-e02fd1f189a8,104058282,PPVLILJEHD
'GPS,10,48;'Parcela,92b96cd0-04e4-43d4-9642-96f11f9e7f28,1852722532,PZQHBVFQWF
'GPS,12,74;'Parcela,2a0ba92e-d8db-48e5-918f-a6800a3c05b5,157868838,PARDZFKXML
'GPS,26,61;'Parcela,b72bfcd2-bf88-4a85-bd12-61d55ff347ff,1917877187,RRTOPVZIOG;Parcela,c6a64a3a-46fb-4ed0-b768-55af9758dc0f,961468317,SPRYSYBHMF
'GPS,24,79;'Parcela,13e6cfcb-d786-4761-a6c5-68bbe0fd683e,1120465874,MGENYSTPHQ
'GPS,11,84;'Nehnutelnost,e8ef7abd-3d0b-4e06-ae0d-436e347b4770,1611055941,YPKJJRXFXO
'GPS,11,96;'Parcela,4cc8a5d5-e0a2-40a4-9238-41068ddae990,1526350924,GHLWJVFXQX
'GPS,18,89;'Parcela,c67114a0-6c68-4274-85da-dc9f62afe0cc,1192769768,KBEXVJVBOR
'GPS,25,92;'Parcela,bf545a6f-c33d-4a06-b84a-0445d39ba4a2,1142338577,XLZTZHDNBR
'GPS,40,68;'Parcela,db87840f-0e1a-418b-b393-98d6191dda0d,1798336320,WVNTINHBJL
'GPS,43,37;'Parcela,1237abd3-d048-41ec-8197-994998aa3259,52623551,GFKRJLLGBT
'GPS,43,43;'Parcela,1dae102b-c666-45f1-9ba5-b3c54806716e,1407761048,BNAFDFICES
'GPS,47,37;'Nehnutelnost,37f3bdc4-3331-4567-842d-64d43ac6207c,1296748565,QKAVAPYOZT
'GPS,48,45;'Parcela,46605db7-f9a4-44bf-8ba7-cd9bb224ef67,1258970732,MADMMFBDJC
'GPS,46,49;'Nehnutelnost,0cc18559-8172-4527-a480-b580b4b5e8d6,1246579213,QDKCXRVIES
'GPS,44,58;'Parcela,487ba21a-1a1d-4f72-ae96-6bec8d6292da,1493122786,ANEXERXLUI
'GPS,43,84;'Parcela,17f761a9-09bf-4344-949d-0f3f3a7b8b7e,845151144,VHJPEFJUGQ
'GPS,48,56;'Parcela,d746780a-64af-471a-a650-7a3870d04f6d,1805098017,NFLVJSZQHS
'GPS,46,97;'Parcela,ddfea55b-c28e-42bb-a8a5-de89cfda2c5f,256115255,XLBTPWLHTT
'GPS,3,11;'Nehnutelnost,6bd3f197-da47-4324-94b9-6f180b7de0c2,1786342927,YOJFUISAZJ
'GPS,1,50;'Nehnutelnost,1db39f90-69cd-4292-866f-9e28583b0459,366303353,BPULBBQRFJ
'GPS,6,19;'Parcela,815da490-b140-4e35-988e-22fa3a9621c7,964868690,RCFIXGPCHR
'GPS,6,24;'Nehnutelnost,308e2e3e-5e98-4bf8-b4ab-f5e7ca7ffdf7,1622310793,QNOMUXHZCD
'GPS,8,28;'Parcela,9f863a54-cde1-4778-a32b-91f801cbe727,1583565479,QEXATATZQZ
'GPS,7,37;'Nehnutelnost,b460588d-33cf-4add-a06a-a969935aa71e,1028665308,ZRYZIHAVHR
'GPS,6,46;'Nehnutelnost,ca3466a3-98b1-487e-ab1f-0df7dcce1e24,349177872,EJXUJZIAWR
'GPS,8,47;'Nehnutelnost,e497a999-e9c5-4a19-9d08-c71d4f50872f,2084922691,DSQTLYPJRJ
'GPS,4,68;'Nehnutelnost,a945cff6-a183-4515-bdea-1f1e5347bc8a,1439942002,NGERVCGKLI
'GPS,7,74;'Parcela,4a64da8a-f2de-46cf-b965-ec8929ea2fcb,704502856,OZPCZTTAZJ
'GPS,4,87;'Nehnutelnost,ca3d5ddd-fdeb-4919-88a5-07502a949d64,1148364275,TOXKLQQLRT
'GPS,5,87;'Parcela,ddb02310-d01c-4fec-ac1b-f736aa1bd79c,1574345239,PTTFKXZTBV
'GPS,20,3;'Parcela,15ffb519-0b4e-4c71-b4f3-3877138f65bd,1325412774,SLQUTRCQIA
'GPS,21,2;'Parcela,ee1650f7-03e0-4e6f-b53d-f5a40a136ae8,856635270,NQORNXSRRO
'GPS,19,8;'Nehnutelnost,d9220ecc-8867-4629-b766-f8a3626c6dde,1620926059,AZFQTVPIFM
'GPS,23,3;'Nehnutelnost,461f5eec-b22f-487c-9abc-6d6a173a3139,1028665308,ZRYZIHAVHR
'GPS,22,17;'Nehnutelnost,96a06d77-00ba-43b7-be61-786308518230,1017943606,KLSHDRUVTH
'GPS,30,7;'Nehnutelnost,3a2b382e-8344-4279-901c-a4b3ab85afe5,193567231,LXISDLIYFE
'GPS,24,10;'Parcela,60ba67e3-f315-449f-a1db-f89eaa64071d,1289450585,RGYCLXMOGR
'GPS,35,14;'Parcela,01c5d83c-5ffd-4081-a2bc-eb8a42da745c,1076752583,AVGJDAISPL
'GPS,24,20;'Nehnutelnost,804bc69c-4a10-4b44-a78c-188620be27c1,851245967,JVEEMDBNHY
'GPS,26,19;'Nehnutelnost,0e1b10e3-3de7-4a6b-8681-a2123fb85fea,655926829,WRCKQZFKMD
'GPS,29,21;'Nehnutelnost,3b452b96-214e-4f13-aa9a-0c660117884b,336410866,VUGACNZAOD
'GPS,38,7;'Parcela,619ff752-3b23-4fd0-99a9-74a974ff807b,1103375913,VIUBAEEIAX
'GPS,40,7;'Parcela,369ca17e-3698-426f-a393-e378f999022c,1648384843,HPMLBXUDDO
'GPS,48,16;'Nehnutelnost,3ad43231-4df4-4614-97f4-b34fa02bf201,2069633029,NPXNGFGHRP
'GPS,42,18;'Parcela,13311640-1f0a-47e6-b533-8f44714ae288,909672012,OEPWJFHABD
'GPS,44,23;'Nehnutelnost,be1dfd64-f49a-4263-8eef-c6fba5aa125f,1111740977,OKCFNNGREC
'GPS,47,24;'Nehnutelnost,f82a4f8b-26ac-4518-812a-86f335eb5317,1804748737,ZSSJEDSEXP
'GPS,12,28;'Nehnutelnost,d5c2b729-a97c-453e-a112-64ffdab179e3,623189128,HPQUXPDZID
'GPS,31,29;'Nehnutelnost,3c68bd1d-7af3-4fba-a992-b754bbaa1198,2029711068,UWCNXSLLFB
'GPS,37,30;'Parcela,4f4e6b48-7b85-4392-ac5a-a288ff2b4443,994422094,AXCZKUZOGS
'GPS,40,26;'Parcela,c39f7edf-1c42-454a-a74b-a766be9d2308,288516004,RWDVRNWWDX
'GPS,43,27;'Nehnutelnost,9ca11f70-f439-46d6-8db8-fbc0cf90eae8,1496853855,AFPHAEXGER
'GPS,50,25;'Parcela,ef4fa49d-321f-4c15-98a7-54d51c8b7c3c,1036553915,CWFGMCBTDC
'GPS,46,31;'Parcela,11f67e13-1b37-4e95-af4f-265beeb6c090,985688462,WLVQXHOGXV
'GPS,49,31;'Parcela,1a8fc7a6-e8d9-48b2-bcc5-b3f596d2c5c0,1181589881,KXEEPQPCFZ
'GPS,35,32;'Parcela,db83a4e3-3049-4663-80e1-3ccf28731ecb,1240284393,QTWZJIQBLV
'GPS,11,36;'Parcela,210793ca-1396-43d4-a1c8-7cc8574ae74d,1822755711,PFOFLFSHFG
'GPS,13,39;'Parcela,c0dfd545-1a88-4569-bb2d-d21925e9c768,1605478222,RTLSBVVBHP
'GPS,30,36;'Parcela,52571a38-8249-4046-9d2d-e8bebddf6a31,1255755413,IEEYZBAAJY
'GPS,24,39;'Parcela,988e2490-e279-45e3-aae7-3c69d6656743,1729934551,YFPHVULSTS
'GPS,36,38;'Parcela,f0c79637-09d5-4138-9872-920b506cee88,356150480,GNIOADUYDQ
'GPS,13,40;'Parcela,4762cc04-5f0b-4101-9a63-9222cb0b80b8,286263577,IJHMOFHNFS
'GPS,24,42;'Parcela,812ffc57-7d1e-44c7-adcc-01bc1df3bf6d,157868838,PARDZFKXML;Parcela,94730ce0-79c5-46d1-bad2-ea65c81d673e,1487151277,IVHVNCHISH;Nehnutelnost,1610eec9-d62c-4068-86fb-172eb29f24da,1979614796,ZVKKGKAURM
'GPS,20,45;'Parcela,ec5f8073-a380-43d9-a064-6eb2a5d80ebb,2101826628,AJTKSMMCFK
'GPS,36,40;'Parcela,29cb666a-3378-416b-99f8-1a87ea52bb33,1791998471,VTWWFAFCTH
'GPS,30,44;'Parcela,8267ce2c-113d-4ae7-ae23-6de6fe7c1fd8,547802222,GGTNLJMGQY
'GPS,12,46;'Parcela,5d5dfd87-47b4-4b07-a8d5-94b418fd34ec,487483255,MHEJTRTXKL
'GPS,10,66;'Parcela,9bf86f2e-4863-4cf2-9180-9f3bad93ee52,1703292137,ZPXOZCXNFA
'GPS,13,60;'Parcela,5610088a-f0d2-47bd-94a7-2ac0b8a9f95f,1232568235,AYKAIRRUQT
'GPS,35,46;'Parcela,5086fce4-bbc7-4e9c-9278-7e08a6011537,1826074441,CFZHKOMYOL
'GPS,20,70;'Parcela,67a31e3b-80f9-4304-bba6-7bfcf49e4885,1809918998,HSDXBEOOPP
'GPS,31,73;'Parcela,9cee535b-c87d-4052-9f56-7782f0d53455,1273920602,KMFGTFERLA;Parcela,de014103-788f-4ae6-b062-19b130f49470,2069831779,SZBHYBVEOF
'GPS,11,93;'Nehnutelnost,1ffe6179-78e2-4e9e-91e1-61df0ea5cb4e,623189128,HPQUXPDZID
'GPS,17,85;'Parcela,ff39162c-47da-48ec-b374-17a274cb1089,659130273,WTDZSPDAJD
'GPS,29,82;'Parcela,75edfc83-1f7d-4a19-b033-0354adbfec52,1710166370,FONMRWYYJT
'GPS,17,98;'Parcela,d3d72b3a-71d8-442c-8a9d-9b0137865f29,1160031282,ELCNUAQKTE
'GPS,30,97;'Parcela,3db588e6-33f5-4485-9b69-e6713c20b6f0,1273920602,KMFGTFERLA
'GPS,40,55;'Parcela,3198d725-252d-41bb-aa26-8c9c7ae9986d,1363157437,RLZGKEDBDT
'GPS,42,39;'Parcela,c7eb884c-a582-44f5-a726-95a70da6d743,1722931489,DYHERUVDIV
'GPS,43,42;'Parcela,d7da107b-5255-47d1-adb9-310cec90b565,452308610,FVMODTCOST
'GPS,44,41;'Parcela,9febf1a1-1d23-43a9-984e-f8d7f90512ff,1052236480,RNYGKWDFJB
'GPS,46,38;'Nehnutelnost,6d70973f-d60f-4014-a660-25d7578c03a8,1803216551,RAFOYWASUR
'GPS,45,40;'Parcela,a0423f1b-4f81-46dc-a34f-5aa22e953c2d,968886922,LJUOLKQRZX
'GPS,41,58;'Parcela,132247d1-71e6-4114-8c8e-e3d108530469,1516378679,RGSNOXNYBK
'GPS,45,58;'Parcela,67f8b524-4e33-4023-b742-3f4016b06d38,428808740,MVVXNRIBIJ
'GPS,43,68;'Parcela,7cfbacb4-5706-4fdd-a99d-7628cf22f5e2,1160031282,ELCNUAQKTE
'GPS,45,78;'Parcela,45417fb3-9e0a-42a8-88a2-8a3f8ba80684,1404294014,PCUSLKTKJL
'GPS,47,80;'Parcela,a6709a08-5f88-43ff-87ac-a87002c1d1eb,845595581,XCDBZIRCSD
'GPS,49,88;'Parcela,0b44a11c-86b6-48c3-bc63-e7f1cea961d7,1952419981,GVOAOQUVCN;Parcela,5aa4f00f-82ef-40ae-a137-509c0cc4d39b,763040385,ZZEWONBROK
'GPS,46,93;'Parcela,cd110cc2-5b29-49eb-97be-3bf711483f3f,1407761048,BNAFDFICES;Nehnutelnost,89efb5e6-2bc9-44b5-ae18-bfca7fa5bc51,327093856,GUNGASGCJN
'GPS,50,94;'Parcela,2f850df1-b9f4-4f46-b020-cc270a91fcfa,736338551,KNHIHYXSXP
'GPS,4,12;'Nehnutelnost,3eeaa1bb-12f2-48b8-955f-162a72474793,1389808542,YCUVOUYUMX
'GPS,7,47;'Nehnutelnost,0e6b636c-f6f7-43be-8fb2-a67e0682b82b,718264260,IIFQZMSMRU
'GPS,5,67;'Nehnutelnost,39487ffb-ed17-46c1-a105-4d5aaf6eff85,1111740977,OKCFNNGREC;Nehnutelnost,c276c976-acc3-4e9e-abd8-9a375a3bbee4,2142245834,VWQPTFLVYH
'GPS,7,80;'Nehnutelnost,4ccb0bd6-eba9-4e2b-9a7b-e524185594bf,655926829,WRCKQZFKMD
'GPS,3,98;'Nehnutelnost,3689ac59-9825-43f5-8b8d-445962a2d64d,261989198,AYEJEMNIWG;Nehnutelnost,c5bd4f6e-5662-49a2-868f-12c4d8fdf295,950693077,TOQFLVUEGD
'GPS,5,93;'Nehnutelnost,338bba0a-4c84-454f-9502-be9a16b0e7e6,788283407,NJQLYINIJH
'GPS,18,2;'Parcela,97a248fd-b1db-4cd7-b58f-64d5e9dcdbf1,409436057,TTNNFAZDCB
'GPS,18,4;'Nehnutelnost,ef1da58c-55e5-435b-b00a-0993b265beef,2010157769,DOPLFVECSZ
'GPS,16,8;'Nehnutelnost,704939ce-00d8-4257-ad5c-925ef634976a,98586503,CZTBGFMCLN
'GPS,21,17;'Nehnutelnost,2a019594-e0ed-4c6a-b464-dc311517c3c4,542852718,LWJIXUIHID
'GPS,17,19;'Nehnutelnost,5bb2b2ad-9f11-4c1d-8c30-58eaba112355,1595368768,CWJLMHTFNT
'GPS,31,9;'Parcela,e35a6317-b937-485b-9ba9-bcea2c06f396,856635270,NQORNXSRRO
'GPS,26,14;'Parcela,d6b5852e-1b21-44a1-a4f4-bd0d5dac7519,1103375913,VIUBAEEIAX
'GPS,35,10;'Nehnutelnost,ab594816-c7cc-439d-8197-09bd434a9b21,1848321683,AXFOPLUEUR
'GPS,34,23;'Nehnutelnost,15cf127d-62b4-45c0-8cd8-43d2d42a4024,1755223374,PAKGYQMSQW
'GPS,36,10;'Parcela,69dd7a58-f2f8-4285-a631-4cd5582ef969,1037233908,RFVURYXNDO
'GPS,42,15;'Parcela,edecf291-559c-426f-b2cf-0146c11f490d,881736459,AZZSGNUKBV
'GPS,50,17;'Nehnutelnost,c527931e-d688-4f7d-a43e-234dca2a6fec,1650223212,QPGPYWEPJD
'GPS,47,18;'Nehnutelnost,ba9dbeb6-880c-48fe-a0fd-3ac87172d355,489310383,MCYZRDASZM
'GPS,43,19;'Parcela,1ab9c348-3782-4879-986a-27d54146c126,529189245,LBBCGVIAGL
'GPS,16,27;'Nehnutelnost,4a00e12f-ca11-4a50-8ebd-452e9b4a22f5,1358548468,WQZGXSRXXJ;Nehnutelnost,6fc60cb8-e738-4c98-ab52-d9aefd6a9433,318136306,IMEGUIQPUX
'GPS,16,31;'Nehnutelnost,daa68266-eb4a-4078-84ec-45de5d8b297b,1043131701,KFLVGNQRAK
'GPS,33,25;'Parcela,91f2182f-a179-4606-93e0-58397796e5a0,1722931489,DYHERUVDIV
'GPS,43,31;'Parcela,89c09680-831e-4a63-a46a-1f8030859813,846597277,MTEDMIOYFE
'GPS,10,36;'Nehnutelnost,cbd959e4-f153-4c34-a049-1e1950a2f81b,1845451306,HXMLPPLIJY
'GPS,13,38;'Nehnutelnost,8399c6d0-31ab-4fe9-9539-55739a3bbe2d,1017943606,KLSHDRUVTH
'GPS,27,36;'Parcela,f317b9bd-3e3d-4d35-b6f5-65e05f19614d,1468792174,HWBPYCOGWT;Nehnutelnost,79159e23-fe6c-4549-89da-a5e52a70266a,104058282,PPVLILJEHD
'GPS,17,37;'Parcela,68f98e4f-1d85-4991-bcc2-f7882e80de87,2069831779,SZBHYBVEOF
'GPS,11,40;'Parcela,5ba797cd-3d0d-454c-96e4-f1926aa1d60c,1898571166,XYPLSCLWMS
'GPS,11,44;'Parcela,f45f948f-908e-4562-9b11-a4b2a8950491,1703292137,ZPXOZCXNFA
'GPS,23,40;'Parcela,f68edc25-2b23-4988-872e-35cf22b2d102,715244539,ADPHXLBWLO
'GPS,22,43;'Nehnutelnost,5d3ba63c-5116-41b3-9ab3-11910b566a07,1650223212,QPGPYWEPJD
'GPS,15,45;'Nehnutelnost,a25b3435-3e43-4ffe-a20e-38cec7fee7fb,1977845706,ACWSUOADJY
'GPS,25,40;'Parcela,0078b9af-a646-4670-b7aa-f2f64e19b787,2052041492,EHANWHYQEZ
'GPS,36,43;'Parcela,99e78db6-6b88-4fdc-9769-c458b4b02208,1898571166,XYPLSCLWMS
'GPS,12,47;'Parcela,2d1b40de-e82a-4f9c-9f08-640bfa3e988c,1233999748,HQFTGJWGPT
'GPS,10,65;'Nehnutelnost,44907ec3-393f-4ec2-ba45-05f760b0871c,1041860552,LOJKADEUGR
'GPS,11,80;'Parcela,8057a5ae-e220-4ccb-bd27-046551e06ef8,1192404691,UXJQGIPDYC
'GPS,21,51;'Parcela,0c340f90-164a-4699-a083-b6df01a33dc8,1833015122,OJJFAVVTNY
'GPS,16,64;'Parcela,fdb2925c-ae24-4c1f-b086-d3f71677f426,558161636,RBJJNQYUIX
'GPS,30,46;'Parcela,536d0899-4fd3-45db-b19d-8934ad48f289,1271120222,VYZDUFFWEB
'GPS,27,54;'Parcela,ca44d310-a1da-4390-8d87-3595139658ec,1293256485,YTODWLGUJY
'GPS,15,69;'Parcela,98a27fa8-c344-4521-9f10-22dac301ba37,1785959427,OLWHEPHTYG
'GPS,20,78;'Parcela,8b23f14c-2cb6-4857-bcd4-99dc39a777e5,796358490,LNJHKHFUFC
'GPS,28,71;'Parcela,3641fe9f-b1e9-4562-810e-a0d8c9a0d54b,252967053,LDTVWFZRHO
'GPS,34,75;'Parcela,46119797-2f8e-41c4-bf87-48d46a4898b3,2105106984,FUBKYEHJVN
'GPS,16,85;'Parcela,9eeac776-a1ae-45f2-ad63-454d01a84e53,1037233908,RFVURYXNDO
'GPS,16,90;'Parcela,a149a022-0998-4900-95eb-cd0b66e42308,1944123731,CREHAQOHEZ;Parcela,1a5d1aca-58dd-4943-9177-8d7c20c812a8,526045136,JDVPEDHOBM
'GPS,25,82;'Parcela,38b47a4f-5c4d-4d4f-9b70-ba4948b139d7,425433547,HQCQCVWMNY
'GPS,26,87;'Parcela,31a21a53-cd7a-40ca-80a8-65ff1cf1dda5,1983381576,CSSOBWMVQH;Parcela,6f111cc4-775f-4600-9fc7-8695f9820de0,1138354146,BJXBIFLQYG
'GPS,18,93;'Parcela,204f6a7a-7498-4338-bda8-959e84714acd,1868767109,QFYOLMLBXU
'GPS,27,95;'Parcela,cf68c1d5-0a43-482c-9508-13015e90532b,1993264989,ZIYLFQCSWW
'GPS,35,99;'Parcela,c0fcb3c5-2a1b-4e4b-b26b-5f574e565aed,1631171213,QUNCAAFCKP
'GPS,40,77;'Parcela,c39aba3d-1eed-437b-89f6-4c3f8db5cc2d,1410002945,HUAUCIRJXD
'GPS,42,43;'Parcela,2bd07ac0-d114-4ef8-8777-94ec3c709088,1938035512,QYDTKOGIAI
'GPS,44,48;'Nehnutelnost,c9486d09-21f0-49cc-a681-d62a8866a212,1602103416,JLAZWFLISM
'GPS,45,43;'Nehnutelnost,2e5ad655-c659-456b-a1d5-b2fa46efd5c1,99167226,UDWJXEXKOT
'GPS,41,68;'Parcela,6ad602d4-353f-4d02-bba2-0e26ee573b30,87155480,LFUBJPQVXL
'GPS,42,78;'Parcela,efa59b92-9a35-4792-83eb-82b0526afa37,1631017352,MZRDDHXQVM
'GPS,45,66;'Parcela,d05becaa-1e62-4e09-a9ff-a9ee22cadd17,621863048,XEEMEJCVET
'GPS,45,82;'Parcela,8f95f59e-fdf1-4e26-ad48-a044062d033b,173556186,IJHPGANAIO
'GPS,48,65;'Parcela,6e645aff-725d-4f59-8a70-16271a38fdd4,333084200,OKFHDBGLLE
'GPS,47,88;'Parcela,ccae917b-d7bb-4d49-8f0e-80974c181d64,475262580,SWVHXICMZT
'GPS,50,80;'Parcela,4d05103b-54a4-4365-847b-1e2a8484d1ea,1633880629,HRXDPHGJLF;Nehnutelnost,7e7727e4-ad25-4a50-9549-e267ae78c018,41925074,RBWYJPOCNG
'GPS,46,99;'Parcela,aad18e0f-f749-41f5-ac63-5492d56e017e,704502856,OZPCZTTAZJ
'GPS,47,91;'Parcela,6052d5b7-c098-4610-a7c3-c3080a9a3345,1496712143,GRZFTCOCQD
'GPS,50,95;'Parcela,56081c8f-40d1-4477-a4f5-537c2513c337,1205132993,IUQFXLKRZP
'GPS,7,46;'Nehnutelnost,625f561c-8e63-42e7-a01a-5aaedbf8899f,474584738,GEBQFLWHIN
'GPS,16,3;'Parcela,65fe0064-e0a8-41d3-ba40-f924edd61c16,1679819607,TPDPKONGIW
'GPS,20,2;'Parcela,a937261a-3a8d-4646-8741-b9d417fc297a,1431965616,XTONTNILAR
'GPS,25,10;'Nehnutelnost,008f3399-b432-4300-92e2-3ff4e541bb68,1043131701,KFLVGNQRAK
'GPS,33,10;'Parcela,c5b8db41-3e2d-4f19-b8ca-ba26a840960a,1574345239,PTTFKXZTBV;Nehnutelnost,162e4cc9-c8e1-4f1e-826c-525854e6865d,485511551,IXUQQPDHKP
'GPS,27,13;'Parcela,ec6184b5-92c7-4e20-90b2-7311509ec141,1545657875,KBJEKNNIGX
'GPS,37,17;'Parcela,3e605f26-ec96-4873-91e2-d512d4041082,1105052106,KYXZEZAKGP
'GPS,41,9;'Nehnutelnost,dff7c52d-3a8a-45bd-b336-e3432f77f533,874159963,ZJQLAEXRQV
'GPS,43,14;'Parcela,907f2cde-8a3b-4872-b2e7-f387e0f65931,1329700809,TOMCDVZURQ
'GPS,42,20;'Nehnutelnost,39d9ccf5-1bed-4969-b69b-1a4cda379acc,1341139306,WVCIJHRJLG
'GPS,15,26;'Nehnutelnost,c5dc765a-0022-40d1-a274-9eff254cd41e,489310383,MCYZRDASZM
'GPS,18,27;'Nehnutelnost,7c094659-a63a-43da-a405-6f8fd85adf75,987575483,YGTUTFIHTA
'GPS,14,29;'Nehnutelnost,a0e72d4e-3ab7-4ed3-a6cc-313ec7a41188,1375251994,RBKCNMYFFH
'GPS,39,28;'Parcela,329f808a-e3c6-4a49-b99c-dfd8fc568325,1822755711,PFOFLFSHFG
'GPS,38,31;'Nehnutelnost,ee3cd45d-fe8a-45d6-9985-6cd9a11defe1,821064500,IZKOXIWKUR
'GPS,27,37;'Parcela,8c4e7945-0f44-416d-b25c-6f902bac35a8,1136013098,HHYWFPCBRE
'GPS,19,40;'Parcela,f22b4e02-2903-4f75-8486-2d99e4f4cb3a,688976036,SJPDNPKNDL
'GPS,11,41;'Nehnutelnost,57cfe41b-61e5-4f0f-a5fe-992e747628af,794378932,PTDPPVNIOI
'GPS,20,40;'Nehnutelnost,d4e0e016-ce03-4356-9d46-ff3282196d57,1407970333,OIZRUWFTWY
'GPS,24,40;'Nehnutelnost,60443be3-2e00-4fa7-b195-16151cba486c,1456023247,EZRTXVSBYF
'GPS,14,45;'Nehnutelnost,d1d731d5-5e42-4c6d-a8b0-ff85faa545e9,1389808542,YCUVOUYUMX
'GPS,37,40;'Nehnutelnost,9122af41-1d1c-4d5b-918f-1b9b61353bfa,1133996367,ZXOLZJKXMY
'GPS,36,41;'Parcela,05602c01-ca46-4e1b-a763-32e06867704a,861762056,TFVFWREQGV
'GPS,11,55;'Parcela,19f10790-5014-49d0-9b87-45846dac9eb6,1036553915,CWFGMCBTDC
'GPS,12,66;'Nehnutelnost,bbdca265-0220-403b-85a9-aceff2e27a3c,120408292,YFOUVFTREN
'GPS,10,68;'Nehnutelnost,2c8e042b-5bd3-4fc6-839c-296d698f1b86,233335631,FBUXXPHOPW
'GPS,12,72;'Parcela,f0c8060d-8033-468b-9236-6c9018ff6039,1851014985,TNOSOHCCXX;Nehnutelnost,cf16f5e8-b9b2-4c70-ac4e-235d5b97ec1e,1770435150,INGJKXZLWB
'GPS,17,53;'Parcela,5efbf96e-e4dd-487b-a00b-ed10b6f83892,651183325,GLBMRONPXE
'GPS,22,60;'Parcela,43295c1c-3d4f-4ee5-8442-c810dbc1d69a,857192629,SUCIYDWXAI
'GPS,14,68;'Parcela,ba7ae81b-4c25-4812-a62f-d18e03150ff2,1631171213,QUNCAAFCKP
'GPS,20,67;'Parcela,a747b32f-1a2c-4ea1-a92f-de21891c8858,1939742649,BNUGKQTEFY
'GPS,32,46;'Parcela,80c788e2-f7d4-4c22-ad1f-1a3ae95e0a5e,1153920333,LXHXPPTMCA
'GPS,27,60;'Parcela,e53911e9-a391-4524-933a-4bf2d2bdaff1,608624545,ZKREXUWJYG
'GPS,34,65;'Parcela,2a869019-3701-42ba-83d3-6d919cb12bbb,1286332448,FVYNDJYQXR
'GPS,21,70;'Parcela,4e27495a-4f3c-452f-bfec-be50db644a2f,288516004,RWDVRNWWDX
'GPS,16,73;'Parcela,6ceef2ef-1fe0-45d5-9c29-a17ab99d72eb,475176333,QQIVKUKVZO
'GPS,21,75;'Parcela,a3259d0b-fe02-4a81-98e2-828a1c534a47,1402111667,IGOKNISRNA
'GPS,32,73;'Parcela,d5fc26ae-6b4b-43c8-b553-c13bd00a5566,685856240,ZHZCUEAVEP
'GPS,25,74;'Parcela,9af4af58-bf7c-47ec-98b8-a5713fd96cee,1809918998,HSDXBEOOPP
'GPS,37,78;'Parcela,34086fe2-64d9-484e-8bca-93d03ae8a37b,1036293924,TZLSJQTXCB
'GPS,12,82;'Nehnutelnost,a15ef282-602f-4af5-aadb-7bc451268990,1581905619,HALYZYPEES
'GPS,16,86;'Nehnutelnost,cc8b5284-f3a6-4fcb-9c31-59ef81189e71,521365562,EVJBDMSNPG
'GPS,17,90;'Nehnutelnost,84e0727b-871d-4206-a2ef-09b050a9d1d0,1599523089,WEOAMWPBKI
'GPS,26,84;'Parcela,ea2ef8f6-1858-4457-9420-ce466cea0ae7,20975149,ELPEQNAWGT
'GPS,27,91;'Parcela,a2810cb9-e5af-467d-8b5a-73ef9797700b,1133733007,XHVBUHPNWG;Parcela,d87ce687-c6ec-4c16-b124-fff6731f3ede,1729934551,YFPHVULSTS
'GPS,16,98;'Parcela,e200db93-bf8d-4aba-a111-15224a31eb7c,763040385,ZZEWONBROK
'GPS,20,97;'Parcela,133bac8f-d30b-471d-bc38-c44eaeb6b9e6,1153920333,LXHXPPTMCA
'GPS,33,93;'Parcela,b5c3edbd-24b8-4380-a81c-b6f04044baa8,2108161997,YSMPLOCDKB
'GPS,33,99;'Parcela,f707f65e-1bf1-42aa-9516-811ee9e39e9a,438263341,PAXFLNXGMD
'GPS,37,100;'Parcela,d5d39dd2-91b8-4831-a40f-531b189ef203,135745707,HZTPQDCMXM
'GPS,47,43;'Nehnutelnost,982edf77-216b-41a0-8f0b-c41d5dcb134c,1188062697,UTIQLNBTDV
'GPS,41,66;'Parcela,8c4551d8-be50-4cd1-b374-334282522dc0,308093454,HVVKPMXFFW
'GPS,43,65;'Parcela,808277ad-3542-41fc-a386-79d70e056958,351029109,WLOUMVNZUZ
'GPS,42,86;'Parcela,ec7bd1bf-2b1b-4d54-bee7-4a4f1861adf2,1612417422,SUPMEAJNVO
'GPS,43,87;'Parcela,01d3538e-7d8f-4adf-8d88-53f401d9d375,32429481,WZAHWZPNSV
'GPS,44,68;'Parcela,2e469968-158d-4685-8bf8-53d1274ce691,1311219492,YDIRMBTKZX
'GPS,45,81;'Parcela,bc386b5d-c168-4213-9dd7-ed3696168157,1667003961,XRZUNVPSRC
'GPS,46,74;'Parcela,f91013a2-0352-4eaf-b8b9-d2347d10f064,1550810167,BCSGHPFDOU
'GPS,46,90;'Parcela,b6d69939-c9e8-4d50-907f-0ac7005a22c7,356150480,GNIOADUYDQ
'GPS,48,89;'Parcela,4e7bdde9-f383-4da6-bced-20d9312da6e2,1785959427,OLWHEPHTYG
'GPS,49,81;'Parcela,a832da0b-e57e-4cc4-82b8-4a61907de458,34786760,YTNVKDHGJJ
'GPS,46,94;'Nehnutelnost,d33b353a-6148-41c7-a79a-437a98d05e4d,1407970333,OIZRUWFTWY
'GPS,49,94;'Nehnutelnost,bb480373-6270-41d7-852c-241fcc8f8725,2029711068,UWCNXSLLFB
'GPS,49,98;'Nehnutelnost,809b0ec3-cf7a-4e5e-a72c-055bf69350ac,1182343934,TUOLWJFDNE;Nehnutelnost,3f98ec3c-62b8-49c9-8ee2-f32394bf5201,266776722,DKKRFEMVXT
'GPS,28,8;'Nehnutelnost,8ca05e62-5311-4279-a4d6-1719c2d5c082,262085937,ODKAJMWECS
'GPS,33,8;'Nehnutelnost,db0473f0-1499-44e2-8550-a1de0cbe04ab,1647390263,MLHFXCCKPN
'GPS,28,12;'Parcela,fdd0fe6c-2c12-4fbb-a910-d36b140a1068,1218266865,UQIYIJQVHR
'GPS,34,15;'Nehnutelnost,3b21c9c3-0ad9-4f94-9ff4-d1c78ea7d801,156171580,DEMCBQTSSP
'GPS,37,13;'Nehnutelnost,06addb6c-e231-4645-aad0-c7f4c6fd49de,193666603,QJKNYLCWQD
'GPS,40,17;'Nehnutelnost,b68d2ec3-a06c-4fe4-952e-765fa129b095,133449189,OGJHKIXRTS
'GPS,44,13;'Nehnutelnost,89862396-dc4a-49b5-ad3a-fcf21a806acb,2973433,PJTFDPJEDQ
'GPS,44,17;'Nehnutelnost,f2cff9db-8571-4a28-8653-de2b42a3aef2,1104201257,UYMSNCARQJ
'GPS,13,30;'Nehnutelnost,3df90a3d-e317-4cdf-84c4-6a71573aa4bd,794378932,PTDPPVNIOI
'GPS,36,27;'Nehnutelnost,a3bb0c72-0255-4c08-83f7-eda51b09c916,718264260,IIFQZMSMRU
'GPS,32,37;'Nehnutelnost,dbda7924-5d46-4f3f-8a50-584883612644,1199518239,CBYTSCRNYQ
'GPS,29,39;'Parcela,ccf65198-5499-4fec-b773-72f70db3809a,499842105,ALVADFBFXD
'GPS,15,40;'Parcela,e80b7206-991e-45f3-9100-ca44c883db43,1270438057,OKUNLSPIIE;Parcela,96173ed5-3aa2-463b-8618-1a606842bc69,1052236480,RNYGKWDFJB
'GPS,28,41;'Parcela,b27e0635-c72f-46b5-841b-1971344a5965,1000984997,ABQGNVLVSQ
'GPS,30,43;'Nehnutelnost,b34c305d-6db1-48c8-aed6-b2f3da04a31c,2142245834,VWQPTFLVYH
'GPS,11,48;'Nehnutelnost,c8350e84-8998-4ef0-8c4b-755b1b41aef5,853755034,NRXMFZDWGI
'GPS,11,67;'Nehnutelnost,6daeb69d-cb0f-49d9-bc64-5d01ae29d8fd,2045142982,VIZLTPDGCQ
'GPS,10,72;'Nehnutelnost,4659b53b-ec5b-4456-a318-c000bb8d745a,828510160,QSBRNMAYSK
'GPS,19,49;'Parcela,9459c3a7-f43b-41b2-8c11-48bdb70f9fdd,1948248896,RRBMYKGLZK
'GPS,17,59;'Parcela,7ae59d6d-5e53-4d3f-bc1b-52fb56d22e95,1907193925,VMWAZHGTEW;Parcela,6f9e1c2f-eb2e-45c2-9119-876fa98e9f88,1476509240,KEPJUVEAFO
'GPS,25,49;'Parcela,e03d77f6-6930-414e-b75d-e38706627a78,2123108950,AZHFNVLYBP
'GPS,13,61;'Parcela,bcfb5fab-92a6-4e59-9f83-730d19f63c3f,1449434100,MXRIDFMQNN
'GPS,24,65;'Parcela,7e74a3ee-b2f2-4768-8901-17ae5c477901,1900633013,XLOPBNIQWG
'GPS,17,68;'Nehnutelnost,113daab4-dfca-4454-b24f-d02c1bb5e229,1340356475,KMPAKCUQZK
'GPS,34,46;'Nehnutelnost,b5bfbc98-0656-4c71-ae6a-6d8d038df637,1341139306,WVCIJHRJLG;Nehnutelnost,8e9f03fc-06ad-48e6-bb9f-6b78a85a4b2a,261989198,AYEJEMNIWG
'GPS,27,57;'Parcela,8528e2d4-4a84-49c9-b5a0-4f3f5240fccb,1363157437,RLZGKEDBDT
'GPS,27,64;'Nehnutelnost,82cad890-9900-48c8-b2de-bfef62bd048d,2010157769,DOPLFVECSZ
'GPS,37,65;'Parcela,b8f31a0e-22df-47b8-82f3-6b18a3711278,131312629,IJUZCZXUYO
'GPS,28,68;'Parcela,c9683cc8-866d-4984-a56c-cc87fe505b84,531943458,WULDLHJDBV
'GPS,19,69;'Nehnutelnost,400594be-2a76-4be4-98f1-7ce2beb1b960,828510160,QSBRNMAYSK
'GPS,19,73;'Parcela,8de974ac-4f22-4ab7-a2a9-76f246ca4e53,1423549671,ABTMAQBOBM;Nehnutelnost,77f73d4c-b146-480f-96de-e56329ad3834,1340356475,KMPAKCUQZK
'GPS,18,75;'Parcela,e828e912-e961-4807-9126-11c52fced880,911915400,ELMXONYFCL
'GPS,24,71;'Parcela,1776ca13-d221-423c-b865-1af41397bb4a,746502311,RUWCKAZESZ
'GPS,21,78;'Parcela,cf052e97-d162-4fe7-baaa-31ea8e65e1ed,52623551,GFKRJLLGBT
'GPS,31,72;'Parcela,757f9349-fe4e-45be-a5aa-49713b7a8ff0,1848809709,FXXRUNIOJS
'GPS,33,74;'Nehnutelnost,8c32d533-fcd0-43e5-9eca-f16bbb6c24e2,267132495,ODOAXEPEXK
'GPS,34,79;'Parcela,6ee7bc31-71fa-47c6-84e8-706eeb7a7814,1286332448,FVYNDJYQXR;Parcela,3094364a-ba07-4f10-8c71-fea44be57484,938444315,DKKLZXFDXC
'GPS,37,76;'Parcela,5627bde6-f5d4-49cc-a8e8-f5b1db52e52e,857192629,SUCIYDWXAI
'GPS,38,81;'Parcela,daafc23f-7ec9-4199-8576-8a57761083d5,725541581,ECWBGZODVD
'GPS,25,83;'Parcela,d7c59a2a-ccc5-49d4-b0c6-370966da70bf,725541581,ECWBGZODVD
'GPS,19,90;'Parcela,dcf07b8f-c872-4283-bbf2-704cd8d59d6e,2113989255,TUSPCSMPGZ
'GPS,37,88;'Parcela,a73a46a0-dcee-400e-9863-23cd1d1a7ddb,106553817,WSGPGFKBKK;Nehnutelnost,391f1d89-bf50-4b42-bf7f-ef7114bd0257,1145210505,KRWWZKTLLL
'GPS,18,94;'Parcela,ff1d8573-b93e-44f5-9f6e-14bda7f6aa81,688976036,SJPDNPKNDL
'GPS,23,94;'Parcela,cf185f07-a92e-4009-a28c-78808b69f511,1402814112,KTCWEZFODW
'GPS,29,92;'Parcela,462fba3d-e7d2-4159-82d6-102f9f013603,11687224,IWSAQYYWUJ
'GPS,36,96;'Parcela,b91b3ebe-4d34-4e83-9709-ec4444abf46f,1192404691,UXJQGIPDYC
'GPS,34,99;'Parcela,b04498c1-9026-4a88-a3e4-027891470aa5,1068594916,WFMJRGQWJM
'GPS,32,100;'Nehnutelnost,6c81d3ce-51c0-405d-b417-8c4608844237,602192147,JOBLEEEYFS
'GPS,37,99;'Parcela,db5deea0-b4b3-47dd-a4b3-a0d669b91bfe,754787630,XKFPCWPFRG
'GPS,43,64;'Parcela,b1e0c5c8-e5ce-49e8-8801-4506e2332dd2,1412693105,BPLILGLPGK
'GPS,43,67;'Parcela,f1afb3f4-2458-40e5-916b-b378dc0620bd,2052041492,EHANWHYQEZ
'GPS,41,84;'Parcela,ec0924a1-eeac-44c9-b457-b8fe79de508c,2065101280,OMRDUSDIUR
'GPS,41,97;'Parcela,bc270403-7145-41ba-8e9d-132b3507c7ab,1711865628,RXVHWCAMIG
'GPS,43,74;'Parcela,ee31eb34-7e2f-46cb-b3fe-93b952d7ef59,1325064901,TBCHHRTYJI
'GPS,43,89;'Parcela,0117b3e3-cf09-4012-acd1-503ad81f3772,527008612,DMOHMPIBWF
'GPS,45,67;'Nehnutelnost,94cbc9dc-b498-465e-a40e-ee44bcb242f2,163333051,AVSBZONORH
'GPS,44,72;'Parcela,6fdfa4d9-817a-4ad3-8bb1-a8407de7f725,1793089822,PWMJMKPZVV
'GPS,44,87;'Parcela,cc4e6db3-a52c-4cc8-a8a7-389aee5842bd,1497023116,RAGRJDRLNS
'GPS,48,62;'Nehnutelnost,4d1ad088-7825-425a-92f4-2d90fab9e9f2,152981384,ZQCNHQCYDV
'GPS,48,79;'Parcela,642f503e-e8a1-4ab0-8ca9-a862c10fb2d0,1531397184,PZIYFESNDB
'GPS,46,89;'Nehnutelnost,6929f393-17eb-490c-a288-99ee89db4528,1599523089,WEOAMWPBKI
'GPS,48,84;'Parcela,d9b4f65e-3bd6-4bb5-9629-3dde544b961b,1754443016,LTGAKKWVNJ
'GPS,49,61;'Parcela,4e183f05-acdf-444b-8017-25d2a2cd5f6d,852804817,AZLXKSRMGO
'GPS,50,85;'Nehnutelnost,8f4a824f-560a-43eb-b69a-59b873e957a5,98586503,CZTBGFMCLN
'GPS,48,91;'Nehnutelnost,0b917eed-a4c0-498e-b764-9afe20d1e633,2973433,PJTFDPJEDQ
'GPS,31,39;'Nehnutelnost,767924c6-465e-458a-a4b7-c3f38f778bcc,1346762646,IIGUVTICCS
'GPS,26,41;'Parcela,e104febd-b818-4e6c-add8-069092d77421,288201165,NKQXIZSEPV
'GPS,33,41;'Parcela,81ee35fc-9bba-4e5f-b2ba-7e7148ab2fe9,1925615984,RCGMNYRSMN
'GPS,26,43;'Nehnutelnost,42d8b9db-e099-478f-a9da-843dd653d2e5,2045142982,VIZLTPDGCQ
'GPS,13,51;'Parcela,d9658811-6127-4ce9-ac0c-3c8765f09c28,127297383,ZAHQCWLFOI
'GPS,21,47;'Nehnutelnost,b6f4dac4-5fcd-4b8b-9cfe-f904e3a0473f,2144448131,VZNVWKFEXK
'GPS,17,57;'Parcela,ff1f6fbc-3eb1-4b76-863d-edbd0aaa9871,835570679,QALHNPUVJB
'GPS,18,57;'Parcela,bf9ff6b2-5b9e-4849-8494-0cf3a9faccfb,1311219492,YDIRMBTKZX
'GPS,23,54;'Parcela,d7688f11-9749-4cce-8442-20301e431c03,756642268,DOPKEAHFRF
'GPS,13,63;'Parcela,4f8c9b73-3814-4360-9dfe-cd1007c11beb,1587557340,ZDRLLNWFJP
'GPS,16,66;'Parcela,8839fd7f-f7bd-4b9f-8cc2-1d772b744ce9,620448082,ABXDNKJXWK
'GPS,19,65;'Parcela,b389095f-07dd-418e-8319-60cc29ebec2e,844799131,WXFKJRFCNS
'GPS,25,64;'Parcela,67ad2bdb-cf9f-4697-b306-4abceeec4bfe,461202082,NRDYGDTFAM
'GPS,28,58;'Parcela,6ec58f9b-7fc7-41f0-b8b3-32eedc6fba49,115016732,ATZCPGEDFQ
'GPS,39,50;'Parcela,05e316eb-17ac-496d-b2ae-2b942dc7a291,1677538393,ZSUJGAFOOI
'GPS,28,66;'Parcela,c99d8922-f173-403b-901d-e4f05f8daf8f,1624551562,LOTLBIVYSL
'GPS,35,66;'Nehnutelnost,5668c59e-1c53-494b-8357-b72735fe4a86,156171580,DEMCBQTSSP
'GPS,14,72;'Parcela,f3e57e55-e897-4aad-9142-0eee23e4dee6,481341723,KCODLMVURP
'GPS,17,75;'Parcela,c7411ebb-575c-4acc-a0a1-710a38e43a2b,308093454,HVVKPMXFFW;Nehnutelnost,8242cc96-8d00-45bd-9cf4-b1b7eae47332,193666603,QJKNYLCWQD
'GPS,19,76;'Parcela,ca57b681-1013-4060-bbfc-0efced933050,994422094,AXCZKUZOGS
'GPS,21,74;'Nehnutelnost,d7a823e7-999d-451c-a65a-3b3bb6fc677c,1010764911,UTGJNHBWYW
'GPS,22,78;'Parcela,8b7f5a93-6fdd-493e-b183-20635cd3fd88,55957381,JMIVDBLSJO
'GPS,30,73;'Parcela,d15ea07c-e094-4c63-8faf-efb92ff3835a,460105529,XQTETSSUZD
'GPS,35,69;'Parcela,6fb51930-82a4-4df4-a427-5d51d5ad3eb4,506235172,YTOJDWSNLX
'GPS,32,80;'Parcela,407b1df5-9608-4699-844f-ac5bd8751aeb,286263577,IJHMOFHNFS
'GPS,37,75;'Nehnutelnost,270fb9f7-1079-46a4-a251-4f42c0719b1c,853755034,NRXMFZDWGI
'GPS,39,77;'Parcela,76533a11-39da-4a04-81c2-848e3fee47ef,452339117,FXGKNZZXTU
'GPS,22,83;'Parcela,8862bf64-9ef6-4395-8613-ebe221acd0e9,506235172,YTOJDWSNLX
'GPS,31,86;'Parcela,7857889b-8a22-4122-9d3b-a336361e4efe,835570679,QALHNPUVJB
'GPS,18,97;'Parcela,1fdf2931-d318-4f05-846c-92f1969dfa85,495198595,ZPTFQYGWIJ
'GPS,24,92;'Parcela,4c25e648-7336-4ff0-ad1a-d23fb107eb0b,5206076,KWVUMHKVBV
'GPS,39,92;'Parcela,f16c17cf-1015-4324-9186-610c76cb1f69,2025162885,ZLGOWTZISB
'GPS,28,96;'Parcela,fb1b700a-06f0-4076-a156-bdfe53677225,1648384843,HPMLBXUDDO
'GPS,29,99;'Parcela,f15c9672-3e1a-474e-983f-6a3c6a19f66f,288201165,NKQXIZSEPV
'GPS,34,100;'Nehnutelnost,01157c79-e719-4a10-bf5f-a5a6168092a5,1293812617,QHDJZLXSSW
'GPS,36,100;'Nehnutelnost,0d785643-d524-4f57-ac64-085b8a1e26d6,1858980833,LFETHDSPUR
'GPS,38,98;'Parcela,59b19715-a010-4146-a805-e1f469ad4a20,1329700809,TOMCDVZURQ
'GPS,41,69;'Parcela,ccacd88a-daa3-4f8e-ade3-ef0840c0547f,1412693105,BPLILGLPGK
'GPS,41,91;'Parcela,cb170e67-9234-43b4-952b-1c7a4c0f7b16,516751942,DHEZNHVNQV
'GPS,43,70;'Parcela,af23c38a-3522-4bd9-8784-56ac26eca718,56426434,KKLQXEGYWF
'GPS,43,97;'Nehnutelnost,9eca7a5b-7424-4ddf-ad6f-9a230002d471,1594202605,DQQHTDRTVX
'GPS,45,70;'Parcela,e774156f-2f7b-4669-b1cd-1405701ba4ce,506276431,CYZZMCJEDU
'GPS,47,69;'Nehnutelnost,81bae060-b69a-4832-a7c8-457e2ace3035,987575483,YGTUTFIHTA
'GPS,48,75;'Parcela,05d5e260-e780-4f17-9926-e8b71a4c0a1e,1711174253,VFERRIOBWM
'GPS,48,83;'Nehnutelnost,5591563c-19f2-4eaa-a4b4-f4c0c6928c3f,163333051,AVSBZONORH
'GPS,49,69;'Parcela,7d8d5044-5d84-4a40-8f66-6208383a727a,1647377040,YLOWUVZAKA
'GPS,49,93;'Nehnutelnost,8ce90961-216f-42f1-85da-9be78baa89f4,2074505032,YPABBDQIJP
'GPS,31,41;'Nehnutelnost,88c5b1d2-a0da-449a-9ed7-202c590bac54,874159963,ZJQLAEXRQV
'GPS,13,49;'Parcela,d1863b33-e929-439d-a2b4-3b9436530110,1133733007,XHVBUHPNWG
'GPS,19,53;'Parcela,a2b41cd9-b025-489a-b6f2-ace1fd3a46d4,1402814112,KTCWEZFODW
'GPS,20,47;'Nehnutelnost,dcb82b1d-9f4d-4023-9d40-c2a090a17c09,1647390263,MLHFXCCKPN
'GPS,16,55;'Parcela,ee83189c-bd54-4541-8b67-2e397f11be60,425433547,HQCQCVWMNY
'GPS,13,58;'Parcela,44ad2906-34f0-4240-8348-e9abbb58a534,223182123,GTHBGUMUNR
'GPS,21,56;'Nehnutelnost,35b831b5-4bd8-4c05-a185-e2312c332b8f,652594030,YPOCBWBLBB
'GPS,24,47;'Parcela,d87b0da6-22c0-4a61-98c9-231cc9d5917a,349364773,QIZOZGXXAK
'GPS,24,60;'Parcela,d426837a-438f-40d0-a9b5-770da0d13971,1423549671,ABTMAQBOBM
'GPS,15,64;'Parcela,d0c5e843-35c9-46fa-900b-6f5cd5c7f375,649419699,KTKCYJKXYI
'GPS,16,67;'Nehnutelnost,ae88faf6-6981-4271-95be-c544c705187d,2103770901,QRFGCTPJQK
'GPS,23,65;'Parcela,d101a1dd-5b6e-427b-8b79-26c200cc24f3,1991575146,JTITXTXLZO
'GPS,23,67;'Parcela,ba8f279a-99e4-4074-a7b6-b5eb5683b581,1382746868,WWGOWNZPEB;Nehnutelnost,d2150932-2692-44a9-87d4-2c4e0ce79db2,2144448131,VZNVWKFEXK
'GPS,30,47;'Parcela,ed550c2e-e215-4658-a57f-004c3e619411,127297383,ZAHQCWLFOI
'GPS,36,59;'Parcela,8460740c-d4aa-4be5-b0df-22a8c1b82b2b,1129761632,UJBGAKATGL
'GPS,39,47;'Nehnutelnost,c1a6121b-4a2d-47ad-82f3-26ccb5bae0dd,1133996367,ZXOLZJKXMY
'GPS,39,56;'Parcela,2662e69f-f357-4dc6-bfb0-f6ba1e31965a,440100236,WJLMKFFJVN
'GPS,13,74;'Parcela,ec053798-3939-40f4-a17d-b23f6edd45f8,1647377040,YLOWUVZAKA
'GPS,14,76;'Parcela,0e427150-6743-402c-9f99-073cbc3a4b34,1218266865,UQIYIJQVHR
'GPS,20,74;'Parcela,de87b4c0-7672-4756-b94a-3ca8daa5454d,2139071871,FOIKMGEZJG
'GPS,19,79;'Parcela,60e9ca3e-9292-48e0-88e6-60d30b66e264,1861873035,CLFMBMCJJN
'GPS,30,69;'Nehnutelnost,1b38cb50-8897-49ad-b3cd-fd3deca35960,1616935870,BYWSYWXZHK
'GPS,36,72;'Parcela,4879fab7-dc2a-4e8b-9496-532ce09b0fe2,1991575146,JTITXTXLZO
'GPS,30,79;'Parcela,5413eaf5-d921-4d92-a3a0-4f54a70777b6,5206076,KWVUMHKVBV
'GPS,27,81;'Parcela,0d7d80f9-80bf-41fe-b444-d1f4dacf0a2b,1624551562,LOTLBIVYSL
'GPS,38,75;'Parcela,001cf4b3-a4c2-4e7b-bf47-35e2741188c9,659130273,WTDZSPDAJD
'GPS,24,83;'Parcela,129d018b-4d1f-4417-915d-769c1cf32cc9,481341723,KCODLMVURP
'GPS,20,84;'Nehnutelnost,472cd13f-25be-4087-bdf5-b1557a96d55e,1581905619,HALYZYPEES
'GPS,36,83;'Parcela,31fe5a47-3326-42d9-a996-6867f786f5bc,1289450585,RGYCLXMOGR
'GPS,29,89;'Parcela,547818c1-44b3-4c43-8f25-feddbd330f17,1421374748,KCTMMJXDNO
'GPS,14,94;'Parcela,4012dcfb-1250-49bf-9fb2-27e20d1986a3,2108968632,XCMOFRROMI
'GPS,24,96;'Nehnutelnost,5a1ecf30-edba-439a-907a-9c8769a0e769,152981384,ZQCNHQCYDV
'GPS,37,92;'Nehnutelnost,f438d622-e40d-4421-93a6-ccfbaaced048,1602103416,JLAZWFLISM
'GPS,35,94;'Parcela,dd33c838-426f-421a-a8f9-72070fb15ff9,1711865628,RXVHWCAMIG
'GPS,29,97;'Nehnutelnost,0bcb6415-4e7d-49ce-8351-7dbe94649273,708409235,AICUSSXUBD
'GPS,26,99;'Nehnutelnost,a582b927-3c8a-4c86-b48b-482ce961cee3,950693077,TOQFLVUEGD
'GPS,39,100;'Nehnutelnost,2781922e-21c9-4ef6-bcb0-6ec0b9fed5cc,1182343934,TUOLWJFDNE
'GPS,41,78;'Nehnutelnost,c60c1d96-2567-41cc-9d2a-e0adcb3b2949,1456023247,EZRTXVSBYF
'GPS,46,57;'Nehnutelnost,eca02683-1d54-4a4c-a4cf-146e61b40beb,788283407,NJQLYINIJH
'GPS,47,76;'Parcela,de3bcdea-3996-4b22-9a9b-60cf35628963,1934820624,XMGVZCJOSB
'GPS,49,66;'Nehnutelnost,c89084c9-2c5a-4c9b-996d-43b93ff055c6,1770435150,INGJKXZLWB
'GPS,49,70;'Nehnutelnost,719b39bd-a71f-4014-8014-2ddc4eaf3699,711710955,JXCTUHNOOS
'GPS,17,46;'Parcela,e444a8a5-c8ab-4504-9d12-98ab766778f7,55957381,JMIVDBLSJO
'GPS,17,52;'Nehnutelnost,3fbd58ef-2251-4cd0-bcb2-eab721667d15,425905525,ITORNDPYZK
'GPS,13,57;'Parcela,528fd345-dff0-4737-928d-97498d8c00b4,1962205127,XWWWKJSTPM
'GPS,17,55;'Parcela,68473a66-3f2c-4abc-a127-ee6426c8a3d6,323204040,AFHJEALVNM
'GPS,14,60;'Parcela,7eeaec7a-a950-4069-aeaf-286e46441fb1,943899522,ZAMETTOPBN
'GPS,22,51;'Parcela,25772638-e0f9-407d-84bd-4ffa6732228d,1589014934,YUXPCDYDLD
'GPS,25,50;'Nehnutelnost,85528017-832a-47aa-bff0-64da91c8a2d4,1230282350,ESRXDLXZKD
'GPS,25,58;'Nehnutelnost,298edf1d-bb3a-4e2c-80d0-5d4fc867d672,1397741565,CTHXMROOHT
'GPS,15,63;'Nehnutelnost,4242bafd-d1ec-4660-be50-a8d4c6e9d722,474584738,GEBQFLWHIN
'GPS,23,63;'Nehnutelnost,f280a17a-e79d-44c6-8c08-5f3ebcdd5c14,120408292,YFOUVFTREN
'GPS,24,62;'Nehnutelnost,be99593f-20e3-409f-9072-067be54620b8,1187641543,DBPGFFVFYU
'GPS,22,67;'Nehnutelnost,a686709c-0ef9-4fed-93bb-3c990055a7ff,1827534796,VREXHLAYQT
'GPS,24,66;'Parcela,c8752889-35a8-41a8-a4ca-6906d3317ba0,1925615984,RCGMNYRSMN
'GPS,29,48;'Parcela,b1904ae3-53d9-45dc-b794-fd5214fe3be0,1496712143,GRZFTCOCQD
'GPS,32,48;'Parcela,a70710ae-5ef4-497c-a58a-51227e932179,438263341,PAXFLNXGMD
'GPS,28,62;'Parcela,b1e31ff0-e953-44a9-b4be-969b9c3c80cb,531943458,WULDLHJDBV
'GPS,38,53;'Parcela,78f4ad0f-737f-4889-9ba7-006686bc9ba3,1518491534,BZRLQUFZIU
'GPS,17,74;'Nehnutelnost,5d50a1ec-8fdc-4438-a028-926338b38f25,1230282350,ESRXDLXZKD
'GPS,18,77;'Nehnutelnost,f156c189-371a-4fc0-aa2a-7c81dbbb895c,1464789076,FYJGDBTEWZ;Nehnutelnost,39786ec0-f76b-42d7-881a-06bf861b96ef,366303353,BPULBBQRFJ
'GPS,30,71;'Nehnutelnost,13246d36-68b0-4c7e-bf1f-e40ce61992d3,262085937,ODKAJMWECS
'GPS,35,70;'Parcela,e8934aad-ab3a-479d-9f12-53a33ddfb39a,1667003961,XRZUNVPSRC
'GPS,39,70;'Nehnutelnost,b29da22b-6295-456f-83d8-4c1d542a5e08,359107871,JMEIOKEKIW;Nehnutelnost,456b7b5c-6c24-44b2-b8da-c5253ea2c87f,1199518239,CBYTSCRNYQ;Nehnutelnost,30b99e5b-5c2d-4722-a1f3-ab7fe6e61b53,1095387524,CCVLEYYNUC
'GPS,25,77;'Parcela,b56c31a6-9b44-4621-b371-08a8eb400b90,919257708,DXRKKUNEMU
'GPS,33,81;'Parcela,baacf7ad-bce3-47fa-b9ca-cb8988ccce02,1861873035,CLFMBMCJJN
'GPS,38,76;'Parcela,ca820816-f9bd-46d3-ab0d-d612d107c229,1181589881,KXEEPQPCFZ
'GPS,19,83;'Parcela,56307ec0-e9d3-47e4-8a16-23822bdb7100,860824710,UJLLPZFJIQ
'GPS,22,84;'Nehnutelnost,c561b094-22c1-406c-8f2c-95d7fb2ff533,1368580761,XIMUELUTKU
'GPS,35,84;'Parcela,399efd17-4a48-42e1-8d67-6c677b6b1664,1741689972,PDEFNFMBGY
'GPS,27,87;'Nehnutelnost,1dbdbeee-9662-4242-9e5c-bc7b0dffccb0,233335631,FBUXXPHOPW
'GPS,30,91;'Parcela,d2bdc8b1-2863-4324-839e-d98fa529b41c,1457897791,ILFXPRIJLZ
'GPS,14,93;'Nehnutelnost,7c37cd26-9149-4a57-a0a1-824aed313be5,41925074,RBWYJPOCNG
'GPS,16,92;'Parcela,6c6c2495-7395-43df-8f30-78a78c0434ef,1000984997,ABQGNVLVSQ
'GPS,32,94;'Parcela,623f3e05-dd31-4fa9-9255-8176be54fc51,547802222,GGTNLJMGQY
'GPS,41,85;'Nehnutelnost,687310b3-19af-4184-8ad2-62574f488fbe,1845451306,HXMLPPLIJY
'GPS,48,57;'Nehnutelnost,f1260a76-1f6c-414b-84d5-77a9b6eae7ab,1659531954,ZFOLZOTSLM
'GPS,49,79;'Nehnutelnost,8fa8af57-d9f5-4146-afb6-ea016b137a1f,472175967,IBMQLCUTLJ
'GPS,15,51;'Nehnutelnost,730d5928-6bca-4baf-8e0b-19db0c356ee0,598399040,JNARAGCNJM
'GPS,14,55;'Nehnutelnost,9b02f56d-b552-4bab-9533-74beb01f309d,1086256449,LTTFZFBUHY
'GPS,22,47;'Parcela,c1e52055-a609-4a73-a404-5d370f0f83e0,1468792174,HWBPYCOGWT
'GPS,22,54;'Parcela,a9b01b9f-e637-457e-9255-06fdfd411eb7,1206373356,AUVRXFTRWI
'GPS,29,56;'Parcela,5f95003e-7a32-47e8-bd94-aa5e15a87f04,1076752583,AVGJDAISPL
'GPS,31,48;'Parcela,3701aea9-c576-485a-a32f-32001ed7dab8,1313303232,YBLUMKPHHE
'GPS,33,49;'Parcela,cc6484a9-3829-4de9-8dba-ef3764a060cd,1182722930,OZOJXSRVOO
'GPS,35,60;'Parcela,04fa9f78-f22f-4f48-bba1-fba5bd4f8db1,173108572,KFACROWVHR
'GPS,31,63;'Parcela,324ce48c-8982-45f1-84e0-64dcd579a639,789219699,WQRPMWNWVB;Parcela,e07fe6aa-cb15-4ec3-a3b5-fe6c5f26a392,1607199428,SZXDZMPOON
'GPS,38,57;'Nehnutelnost,108b8aa6-9b60-4bc0-b97e-2600b4d7096f,425905525,ITORNDPYZK
'GPS,14,74;'Nehnutelnost,7ddb56bb-9f15-4473-a88e-a197bbe058cd,2097498203,KREYEVKCRD
'GPS,16,77;'Nehnutelnost,a2f170b8-b458-43c9-9cc2-7898c02596c0,1858980833,LFETHDSPUR
'GPS,18,78;'Nehnutelnost,187b104a-2a0c-4451-953b-54afcd360324,519580157,SLDSCKYMKQ
'GPS,25,76;'Nehnutelnost,68d811f8-6093-428c-9dd3-7cfcf0ecc7a5,1876814593,KOVBFKOVFR
'GPS,27,79;'Parcela,389ce0e2-7086-4bf9-89cf-d70a5d765c9d,529189245,LBBCGVIAGL
'GPS,32,81;'Parcela,c999bd17-cd36-43e2-afa6-6108d90edc1d,1240284393,QTWZJIQBLV
'GPS,38,77;'Nehnutelnost,23ae9dd3-5536-4936-9c84-79646416c50b,1247027525,KMYXVCMXLB
'GPS,23,83;'Nehnutelnost,ce225107-0b00-414f-9be3-034fa1bd1934,923432299,IYGWFITFSU
'GPS,30,85;'Nehnutelnost,c562bdca-23c7-4aed-867f-7b30156681f2,1217255364,LEAILURRLV
'GPS,30,89;'Parcela,920466e0-cb1a-49ea-a9ef-28c28e3387a9,909672012,OEPWJFHABD
'GPS,31,95;'Parcela,0b670c03-a0d1-4c7f-94c8-9ff73d195b88,333084200,OKFHDBGLLE
'GPS,22,49;'Nehnutelnost,6eb65c28-e79f-4d25-b4f2-46e07ee84995,2122714363,HSDGVGAWCD
'GPS,28,55;'Parcela,eadd268b-e669-4e35-a7bb-b8334656ad64,1754443016,LTGAKKWVNJ;Nehnutelnost,581fd01b-1a80-481d-a7a9-b44ddbdef094,851245967,JVEEMDBNHY
'GPS,30,49;'Parcela,3e5a955e-bf80-4769-892d-b725b34ab62a,1250594499,BKDLRWSPLC
'GPS,34,48;'Parcela,910de4a4-464c-4546-9697-9c90dca163b4,409436057,TTNNFAZDCB
'GPS,31,53;'Parcela,90f2382e-a925-457b-9022-25f95cf35dfb,194119849,IXJYXQCUTA
'GPS,36,50;'Parcela,312bc72a-c599-49a5-b244-6c895f3acf13,339394597,RAZOSAVREH
'GPS,29,59;'Parcela,5a639ae1-1bf4-47a3-8a6c-36cb131ab1e9,968886922,LJUOLKQRZX
'GPS,15,74;'Nehnutelnost,189b3aa6-533a-4080-b757-17869e0b4b9d,1296748565,QKAVAPYOZT
'GPS,17,77;'Nehnutelnost,17e01b12-2f85-4848-be38-8a9382bc8677,708409235,AICUSSXUBD
'GPS,25,80;'Nehnutelnost,51723fd5-84ec-48d2-84ff-c2a0e92f3ccd,1368698950,QIRDTVKSCW
'GPS,32,85;'Nehnutelnost,0b270bda-2e25-424e-bd5d-ded8fcab817a,306225319,RRVVVAITAH
'GPS,35,89;'Parcela,958b959c-31f6-4afc-93b7-aa96a136f71e,1359154767,WQSBJMXXHR
'GPS,29,49;'Nehnutelnost,0e9c4605-79b2-4407-bc20-4ee29a5631d1,1439942002,NGERVCGKLI
'GPS,37,47;'Parcela,783bf403-f0bb-4206-86c6-f33d5de0a4dc,1679819607,TPDPKONGIW
'GPS,32,50;'Parcela,9f65bced-ec5f-4765-bfae-910442a9ea51,173556186,IJHPGANAIO
'GPS,32,58;'Parcela,3efb455d-472c-4205-892e-15d4b2634b76,754787630,XKFPCWPFRG
'GPS,34,49;'Parcela,aba0402e-886f-4c53-912b-ab34ea71f46b,1787469135,KDCKMGJXQW
'GPS,37,53;'Parcela,022b4508-a7ed-4bbb-a9ac-01546f5009b1,1741689972,PDEFNFMBGY
'GPS,31,61;'Parcela,ac46f4da-7a19-4b59-9a9d-4e62566d09fe,919257708,DXRKKUNEMU
'GPS,31,88;'Nehnutelnost,0a626eb1-24e9-4680-b670-ac04184b874c,441659553,WZJOBGFUSQ
'GPS,28,52;'Nehnutelnost,d4b0ce04-7fa7-4483-94b9-0f2cd5aced0d,1594202605,DQQHTDRTVX
'GPS,33,57;'Parcela,ecc5bf82-2e49-4483-b8d6-591c3a33dab0,11687224,IWSAQYYWUJ
'GPS,34,51;'Nehnutelnost,bc4c775b-9047-48ba-af2b-25361110d3f7,336410866,VUGACNZAOD
'GPS,29,53;'Nehnutelnost,db046b3c-898c-4fdd-bf0e-999938369cbc,1827534796,VREXHLAYQT
